symbol,time,signal,price,tp,sl,exit_price,outcome
BTC/USDT,2025-09-10 15:15:00,BUY,113862.77,116140.02540000001,112724.1423,116140.02540000001,WIN
BTC/USDT,2025-09-10 15:30:00,BUY,113882.99,116160.64980000001,112744.16010000001,116160.64980000001,WIN
BTC/USDT,2025-09-10 19:15:00,SELL,113231.6,110966.96800000001,114363.91600000001,114363.91600000001,LOSS
BTC/USDT,2025-09-10 19:30:00,SELL,113482.02,111212.3796,114616.8402,114616.8402,LOSS
BTC/USDT,2025-09-10 19:45:00,SELL,113574.52,111303.02960000001,114710.26520000001,114710.26520000001,LOSS
BTC/USDT,2025-09-10 21:45:00,BUY,113842.53,116119.3806,112704.1047,116119.3806,WIN
BTC/USDT,2025-09-10 22:00:00,BUY,113929.37,116207.9574,112790.0763,116207.9574,WIN
BTC/USDT,2025-09-10 22:15:00,BUY,113944.94,116223.8388,112805.4906,116223.8388,WIN
BTC/USDT,2025-09-10 22:30:00,BUY,113761.11,116036.3322,112623.4989,116036.3322,WIN
BTC/USDT,2025-09-10 22:45:00,BUY,113881.2,116158.824,112742.38799999999,116158.824,WIN
BTC/USDT,2025-09-10 23:00:00,BUY,113906.14,116184.2628,112767.0786,116184.2628,WIN
BTC/USDT,2025-09-10 23:15:00,BUY,113818.83,116095.2066,112680.64170000001,116095.2066,WIN
BTC/USDT,2025-09-10 23:45:00,BUY,113960.0,116239.2,112820.4,116239.2,WIN
BTC/USDT,2025-09-11 01:15:00,BUY,113980.01,116259.6102,112840.20989999999,116259.6102,WIN
BTC/USDT,2025-09-11 03:30:00,BUY,114200.0,116484.0,113058.0,116484.0,WIN
BTC/USDT,2025-09-11 03:45:00,BUY,114400.01,116688.01019999999,113256.00989999999,116688.01019999999,WIN
BTC/USDT,2025-09-11 04:00:00,BUY,114211.88,116496.11760000001,113069.76120000001,116496.11760000001,WIN
BTC/USDT,2025-09-11 04:15:00,BUY,114228.67,116513.2434,113086.3833,116513.2434,WIN
BTC/USDT,2025-09-11 04:30:00,BUY,114199.98,116483.97959999999,113057.98019999999,116483.97959999999,WIN
BTC/USDT,2025-09-11 04:45:00,BUY,114158.29,116441.4558,113016.7071,116441.4558,WIN
BTC/USDT,2025-09-11 05:00:00,BUY,114105.45,116387.559,112964.3955,116387.559,WIN
BTC/USDT,2025-09-11 05:30:00,BUY,114292.52,116578.3704,113149.5948,116578.3704,WIN
BTC/USDT,2025-09-11 05:45:00,BUY,114266.0,116551.32,113123.34,116551.32,WIN
BTC/USDT,2025-09-11 06:30:00,BUY,114388.01,116675.7702,113244.1299,116675.7702,WIN
BTC/USDT,2025-09-11 06:45:00,BUY,114324.64,116611.1328,113181.3936,116611.1328,WIN
BTC/USDT,2025-09-11 09:00:00,SELL,113903.18,111625.11639999998,115042.21179999999,115042.21179999999,LOSS
BTC/USDT,2025-09-11 09:15:00,SELL,113976.73,111697.1954,115116.4973,115116.4973,LOSS
BTC/USDT,2025-09-11 09:30:00,SELL,113851.99,111574.9502,114990.5099,114990.5099,LOSS
BTC/USDT,2025-09-11 09:45:00,SELL,113895.29,111617.38419999999,115034.2429,115034.2429,LOSS
BTC/USDT,2025-09-11 10:00:00,SELL,113961.99,111682.75020000001,115101.60990000001,115101.60990000001,LOSS
BTC/USDT,2025-09-11 10:15:00,SELL,113977.46,111697.9108,115117.23460000001,115117.23460000001,LOSS
BTC/USDT,2025-09-11 10:30:00,SELL,114045.02,111764.1196,115185.47020000001,115185.47020000001,LOSS
BTC/USDT,2025-09-11 10:45:00,SELL,114062.32,111781.0736,115202.94320000001,115202.94320000001,LOSS
BTC/USDT,2025-09-11 11:00:00,SELL,114063.54,111782.2692,115204.1754,115204.1754,LOSS
BTC/USDT,2025-09-11 11:15:00,SELL,113923.75,111645.275,115062.9875,115062.9875,LOSS
BTC/USDT,2025-09-11 11:30:00,SELL,113982.21,111702.56580000001,115122.03210000001,115122.03210000001,LOSS
BTC/USDT,2025-09-11 11:45:00,SELL,113999.99,111719.9902,115139.9899,115139.9899,LOSS
BTC/USDT,2025-09-11 12:00:00,BUY,114261.59,116546.8218,113118.97409999999,116546.8218,WIN
BTC/USDT,2025-09-11 12:15:00,BUY,114380.61,116668.2222,113236.8039,116668.2222,WIN
BTC/USDT,2025-09-11 12:30:00,BUY,113863.86,116141.1372,112725.2214,116141.1372,WIN
BTC/USDT,2025-09-11 13:00:00,SELL,113489.08,111219.2984,114623.9708,114623.9708,LOSS
BTC/USDT,2025-09-11 13:15:00,SELL,113719.28,111444.89439999999,114856.4728,114856.4728,LOSS
BTC/USDT,2025-09-11 13:30:00,SELL,113926.89,111648.3522,115066.1589,115066.1589,LOSS
BTC/USDT,2025-09-11 13:45:00,BUY,114628.08,116920.6416,113481.7992,116920.6416,WIN
BTC/USDT,2025-09-11 14:00:00,BUY,114185.07,116468.77140000001,113043.21930000001,116468.77140000001,WIN
BTC/USDT,2025-09-11 14:15:00,BUY,114154.7,116437.794,113013.15299999999,116437.794,WIN
BTC/USDT,2025-09-11 14:30:00,BUY,114534.6,116825.292,113389.254,116825.292,WIN
BTC/USDT,2025-09-11 14:45:00,BUY,114463.73,116753.0046,113319.0927,116753.0046,WIN
BTC/USDT,2025-09-11 15:00:00,BUY,114546.26,116837.18519999999,113400.7974,116837.18519999999,WIN
BTC/USDT,2025-09-11 15:15:00,BUY,114395.24,116683.14480000001,113251.28760000001,116683.14480000001,WIN
BTC/USDT,2025-09-11 15:30:00,BUY,114276.84,116562.3768,113134.0716,116562.3768,WIN
BTC/USDT,2025-09-11 15:45:00,BUY,114180.31,116463.91619999999,113038.5069,116463.91619999999,WIN
BTC/USDT,2025-09-11 16:00:00,BUY,114314.09,116600.3718,113170.9491,116600.3718,WIN
BTC/USDT,2025-09-11 16:15:00,BUY,114364.31,116651.5962,113220.6669,116651.5962,WIN
BTC/USDT,2025-09-11 16:30:00,BUY,114559.76,116850.9552,113414.1624,116850.9552,WIN
BTC/USDT,2025-09-11 16:45:00,BUY,114487.53,116777.2806,113342.6547,116777.2806,WIN
BTC/USDT,2025-09-11 17:00:00,BUY,114467.4,116756.74799999999,113322.726,116756.74799999999,WIN
BTC/USDT,2025-09-11 17:15:00,BUY,114459.64,116748.8328,113315.0436,116748.8328,WIN
BTC/USDT,2025-09-11 17:30:00,BUY,114580.0,116871.6,113434.2,116871.6,WIN
BTC/USDT,2025-09-11 17:45:00,BUY,114589.84,116881.6368,113443.94159999999,116881.6368,WIN
BTC/USDT,2025-09-11 18:00:00,BUY,114357.18,116644.32359999999,113213.60819999999,116644.32359999999,WIN
BTC/USDT,2025-09-11 21:30:00,BUY,114514.83,116805.1266,113369.6817,116805.1266,WIN
BTC/USDT,2025-09-11 21:45:00,BUY,114482.69,116772.3438,113337.8631,116772.3438,WIN
BTC/USDT,2025-09-11 22:00:00,BUY,114560.24,116851.44480000001,113414.6376,116851.44480000001,WIN
BTC/USDT,2025-09-12 01:15:00,BUY,115710.17,118024.3734,114553.0683,114553.0683,LOSS
BTC/USDT,2025-09-12 01:30:00,BUY,115628.55,117941.121,114472.2645,114472.2645,LOSS
BTC/USDT,2025-09-12 07:15:00,SELL,115216.9,112912.56199999999,116369.06899999999,116369.06899999999,LOSS
BTC/USDT,2025-09-12 07:30:00,SELL,115172.1,112868.65800000001,116323.82100000001,116323.82100000001,LOSS
BTC/USDT,2025-09-12 07:45:00,SELL,115086.7,112784.966,116237.567,116237.567,LOSS
BTC/USDT,2025-09-12 08:00:00,SELL,115068.82,112767.4436,116219.50820000001,116219.50820000001,LOSS
BTC/USDT,2025-09-12 08:15:00,SELL,115185.19,112881.4862,116337.0419,116337.0419,LOSS
BTC/USDT,2025-09-12 08:30:00,SELL,115084.0,112782.31999999999,116234.84,116234.84,LOSS
BTC/USDT,2025-09-12 08:45:00,SELL,115048.0,112747.04,116198.48,116198.48,LOSS
BTC/USDT,2025-09-12 09:00:00,SELL,115086.13,112784.4074,116236.99130000001,116236.99130000001,LOSS
BTC/USDT,2025-09-12 09:15:00,SELL,114950.61,112651.5978,116100.1161,116100.1161,LOSS
BTC/USDT,2025-09-12 09:30:00,SELL,114908.76,112610.5848,116057.8476,116057.8476,LOSS
BTC/USDT,2025-09-12 09:45:00,SELL,115048.01,112747.0498,116198.4901,116198.4901,LOSS
BTC/USDT,2025-09-12 10:00:00,SELL,114978.47,112678.9006,116128.2547,116128.2547,LOSS
BTC/USDT,2025-09-12 10:15:00,SELL,115004.0,112703.92,116154.04000000001,116154.04000000001,LOSS
BTC/USDT,2025-09-12 10:30:00,SELL,114981.22,112681.5956,116131.0322,116131.0322,LOSS
BTC/USDT,2025-09-12 10:45:00,SELL,114980.85,112681.23300000001,116130.6585,116130.6585,LOSS
BTC/USDT,2025-09-12 11:00:00,SELL,114915.89,112617.5722,116065.0489,116065.0489,LOSS
BTC/USDT,2025-09-12 11:15:00,SELL,115121.65,112819.21699999999,116272.86649999999,116272.86649999999,LOSS
BTC/USDT,2025-09-12 11:45:00,SELL,114913.45,112615.181,116062.5845,116062.5845,LOSS
BTC/USDT,2025-09-12 12:00:00,SELL,114856.17,112559.0466,116004.7317,116004.7317,LOSS
BTC/USDT,2025-09-12 14:15:00,BUY,115221.23,117525.6546,114069.0177,117525.6546,WIN
BTC/USDT,2025-09-12 14:45:00,BUY,115260.0,117565.2,114107.4,117565.2,WIN
BTC/USDT,2025-09-12 15:00:00,BUY,115017.99,117318.34980000001,113867.8101,117318.34980000001,WIN
BTC/USDT,2025-09-12 15:30:00,BUY,115127.53,117430.0806,113976.2547,117430.0806,WIN
BTC/USDT,2025-09-12 15:45:00,BUY,115121.18,117423.6036,113969.96819999999,117423.6036,WIN
BTC/USDT,2025-09-12 16:00:00,BUY,115249.53,117554.5206,114097.0347,117554.5206,WIN
BTC/USDT,2025-09-12 16:15:00,BUY,115374.53,117682.0206,114220.7847,117682.0206,WIN
BTC/USDT,2025-09-12 16:30:00,BUY,115354.69,117661.7838,114201.1431,117661.7838,WIN
BTC/USDT,2025-09-12 16:45:00,BUY,115495.56,117805.4712,114340.6044,117805.4712,WIN
BTC/USDT,2025-09-12 17:00:00,BUY,115600.0,117912.0,114444.0,114444.0,LOSS
BTC/USDT,2025-09-12 17:15:00,BUY,115851.65,118168.68299999999,114693.1335,114693.1335,LOSS
BTC/USDT,2025-09-12 17:30:00,BUY,115886.17,118203.8934,114727.3083,114727.3083,LOSS
BTC/USDT,2025-09-12 17:45:00,BUY,115815.16,118131.46320000001,114657.0084,114657.0084,LOSS
BTC/USDT,2025-09-12 20:00:00,BUY,116241.95,118566.789,115079.5305,115079.5305,LOSS
BTC/USDT,2025-09-12 20:15:00,BUY,116036.55,118357.281,114876.1845,114876.1845,LOSS
BTC/USDT,2025-09-13 01:45:00,SELL,115764.3,113449.014,116921.943,116921.943,LOSS
BTC/USDT,2025-09-13 02:00:00,SELL,115969.99,113650.5902,117129.68990000001,117129.68990000001,LOSS
BTC/USDT,2025-09-13 02:15:00,SELL,115978.96,113659.3808,117138.74960000001,117138.74960000001,LOSS
BTC/USDT,2025-09-13 02:30:00,SELL,115916.01,113597.6898,117075.1701,117075.1701,LOSS
BTC/USDT,2025-09-13 02:45:00,SELL,115886.17,113568.4466,117045.03169999999,117045.03169999999,LOSS
BTC/USDT,2025-09-13 03:00:00,SELL,115914.01,113595.72979999999,117073.1501,117073.1501,LOSS
BTC/USDT,2025-09-13 03:15:00,SELL,115884.02,113566.3396,117042.86020000001,117042.86020000001,LOSS
BTC/USDT,2025-09-13 03:30:00,SELL,115913.83,113595.5534,117072.96830000001,117072.96830000001,LOSS
BTC/USDT,2025-09-13 03:45:00,SELL,115957.0,113637.86,117116.57,117116.57,LOSS
BTC/USDT,2025-09-13 04:00:00,SELL,115845.25,113528.345,117003.7025,117003.7025,LOSS
BTC/USDT,2025-09-13 04:15:00,SELL,115754.16,113439.0768,116911.7016,116911.7016,LOSS
BTC/USDT,2025-09-13 04:30:00,SELL,115804.19,113488.1062,116962.2319,116962.2319,LOSS
BTC/USDT,2025-09-13 04:45:00,SELL,115698.4,113384.43199999999,116855.38399999999,116855.38399999999,LOSS
BTC/USDT,2025-09-13 05:00:00,SELL,115722.54,113408.08919999999,116879.76539999999,116879.76539999999,LOSS
BTC/USDT,2025-09-13 05:15:00,SELL,115781.03,113465.40939999999,116938.8403,116938.8403,LOSS
BTC/USDT,2025-09-13 05:30:00,SELL,115746.44,113431.5112,116903.9044,116903.9044,LOSS
BTC/USDT,2025-09-13 05:45:00,SELL,115704.04,113389.9592,116861.08039999999,116861.08039999999,LOSS
BTC/USDT,2025-09-13 06:00:00,SELL,115716.09,113401.76819999999,116873.2509,116873.2509,LOSS
BTC/USDT,2025-09-13 06:15:00,SELL,115698.42,113384.4516,116855.4042,116855.4042,LOSS
BTC/USDT,2025-09-13 06:30:00,SELL,115714.0,113399.72,116871.14,116871.14,LOSS
BTC/USDT,2025-09-13 06:45:00,SELL,115749.99,113434.9902,116907.4899,116907.4899,LOSS
BTC/USDT,2025-09-13 08:30:00,BUY,115986.56,118306.2912,114826.6944,114826.6944,LOSS
BTC/USDT,2025-09-13 08:45:00,BUY,115978.01,118297.5702,114818.22989999999,114818.22989999999,LOSS
BTC/USDT,2025-09-13 09:00:00,BUY,115904.06,118222.1412,114745.01939999999,114745.01939999999,LOSS
BTC/USDT,2025-09-13 09:15:00,BUY,115872.18,118189.62359999999,114713.4582,114713.4582,LOSS
BTC/USDT,2025-09-13 09:30:00,BUY,115910.37,118228.5774,114751.26629999999,114751.26629999999,LOSS
BTC/USDT,2025-09-13 09:45:00,BUY,116035.33,118356.0366,114874.9767,114874.9767,LOSS
BTC/USDT,2025-09-13 10:00:00,BUY,116121.37,118443.7974,114960.15629999999,114960.15629999999,LOSS
BTC/USDT,2025-09-13 10:15:00,BUY,116036.06,118356.7812,114875.6994,114875.6994,LOSS
BTC/USDT,2025-09-13 10:30:00,BUY,116051.01,118372.0302,114890.4999,114890.4999,LOSS
BTC/USDT,2025-09-13 10:45:00,BUY,115937.99,118256.7498,114778.6101,114778.6101,LOSS
BTC/USDT,2025-09-13 11:00:00,BUY,115888.0,118205.76000000001,114729.12,114729.12,LOSS
BTC/USDT,2025-09-13 11:15:00,BUY,115905.19,118223.2938,114746.1381,114746.1381,LOSS
BTC/USDT,2025-09-13 11:30:00,BUY,115994.33,118314.2166,114834.3867,114834.3867,LOSS
BTC/USDT,2025-09-13 11:45:00,BUY,115974.11,118293.5922,114814.3689,114814.3689,LOSS
BTC/USDT,2025-09-13 12:45:00,BUY,116002.91,118322.9682,114842.8809,114842.8809,LOSS
BTC/USDT,2025-09-13 13:45:00,SELL,115761.05,113445.829,116918.6605,116918.6605,LOSS
BTC/USDT,2025-09-13 14:00:00,SELL,115688.35,113374.583,116845.2335,116845.2335,LOSS
BTC/USDT,2025-09-13 14:15:00,SELL,115905.88,113587.7624,117064.9388,117064.9388,LOSS
BTC/USDT,2025-09-13 14:30:00,SELL,115854.0,113536.92,117012.54000000001,117012.54000000001,LOSS
BTC/USDT,2025-09-13 14:45:00,SELL,115797.68,113481.72639999999,116955.6568,116955.6568,LOSS
BTC/USDT,2025-09-13 15:00:00,SELL,115854.0,113536.92,117012.54000000001,117012.54000000001,LOSS
BTC/USDT,2025-09-13 15:15:00,SELL,115828.31,113511.7438,116986.5931,116986.5931,LOSS
BTC/USDT,2025-09-13 15:30:00,SELL,115746.99,113432.0502,116904.4599,116904.4599,LOSS
BTC/USDT,2025-09-13 15:45:00,SELL,115768.68,113453.30639999999,116926.36679999999,116926.36679999999,LOSS
BTC/USDT,2025-09-13 16:00:00,SELL,115650.29,113337.2842,116806.7929,116806.7929,LOSS
BTC/USDT,2025-09-13 16:15:00,SELL,115542.9,113232.04199999999,116698.329,116698.329,LOSS
BTC/USDT,2025-09-13 16:30:00,SELL,115435.43,113126.7214,116589.7843,116589.7843,LOSS
BTC/USDT,2025-09-13 17:15:00,SELL,115391.34,113083.5132,116545.2534,116545.2534,LOSS
BTC/USDT,2025-09-13 17:30:00,SELL,115519.54,113209.14919999999,116674.73539999999,116674.73539999999,LOSS
BTC/USDT,2025-09-13 17:45:00,SELL,115571.78,113260.3444,116727.4978,116727.4978,LOSS
BTC/USDT,2025-09-13 18:00:00,SELL,115568.75,113257.375,116724.4375,116724.4375,LOSS
BTC/USDT,2025-09-13 19:45:00,BUY,115797.12,118113.0624,114639.1488,114639.1488,LOSS
BTC/USDT,2025-09-13 20:00:00,BUY,115940.61,118259.4222,114781.2039,114781.2039,LOSS
BTC/USDT,2025-09-13 20:15:00,BUY,115905.88,118223.9976,114746.8212,114746.8212,LOSS
BTC/USDT,2025-09-13 20:30:00,BUY,115862.0,118179.24,114703.38,114703.38,LOSS
BTC/USDT,2025-09-13 20:45:00,BUY,115905.88,118223.9976,114746.8212,114746.8212,LOSS
BTC/USDT,2025-09-13 21:00:00,BUY,115872.55,118190.001,114713.8245,114713.8245,LOSS
BTC/USDT,2025-09-13 21:15:00,BUY,115949.76,118268.7552,114790.26239999999,114790.26239999999,LOSS
BTC/USDT,2025-09-13 21:30:00,BUY,115852.01,118169.0502,114693.4899,114693.4899,LOSS
BTC/USDT,2025-09-13 21:45:00,BUY,115895.39,118213.2978,114736.43609999999,114736.43609999999,LOSS
BTC/USDT,2025-09-13 22:00:00,BUY,115911.86,118230.0972,114752.7414,114752.7414,LOSS
BTC/USDT,2025-09-13 22:15:00,BUY,115843.12,118159.9824,114684.68879999999,114684.68879999999,LOSS
BTC/USDT,2025-09-13 22:30:00,BUY,115881.26,118198.88519999999,114722.44739999999,114722.44739999999,LOSS
BTC/USDT,2025-09-13 22:45:00,BUY,115871.58,118189.0116,114712.8642,114712.8642,LOSS
BTC/USDT,2025-09-13 23:00:00,BUY,115886.16,118203.88320000001,114727.2984,114727.2984,LOSS
BTC/USDT,2025-09-13 23:15:00,BUY,115881.98,118199.61959999999,114723.1602,114723.1602,LOSS
BTC/USDT,2025-09-13 23:30:00,BUY,115889.28,118207.0656,114730.3872,114730.3872,LOSS
BTC/USDT,2025-09-13 23:45:00,BUY,115918.29,118236.6558,114759.1071,114759.1071,LOSS
BTC/USDT,2025-09-14 00:00:00,BUY,115972.31,118291.7562,114812.5869,114812.5869,LOSS
BTC/USDT,2025-09-14 00:15:00,BUY,115989.11,118308.8922,114829.21889999999,114829.21889999999,LOSS
BTC/USDT,2025-09-14 00:30:00,BUY,115923.94,118242.4188,114764.7006,114764.7006,LOSS
BTC/USDT,2025-09-14 00:45:00,BUY,115935.6,118254.312,114776.244,114776.244,LOSS
BTC/USDT,2025-09-14 02:00:00,BUY,116109.0,118431.18000000001,114947.91,114947.91,LOSS
BTC/USDT,2025-09-14 02:15:00,BUY,116004.01,118324.09019999999,114843.9699,114843.9699,LOSS
BTC/USDT,2025-09-14 03:00:00,SELL,115707.99,113393.8302,116865.0699,116865.0699,LOSS
BTC/USDT,2025-09-14 03:15:00,SELL,115740.12,113425.3176,116897.5212,116897.5212,LOSS
BTC/USDT,2025-09-14 03:30:00,SELL,115731.06,113416.43879999999,116888.3706,116888.3706,LOSS
BTC/USDT,2025-09-14 03:45:00,SELL,115679.98,113366.3804,116836.7798,116836.7798,LOSS
BTC/USDT,2025-09-14 04:00:00,SELL,115652.36,113339.3128,116808.8836,116808.8836,LOSS
BTC/USDT,2025-09-14 04:15:00,SELL,115717.94,113403.5812,116875.11940000001,116875.11940000001,LOSS
BTC/USDT,2025-09-14 04:30:00,SELL,115768.0,113452.64,116925.68000000001,116925.68000000001,LOSS
BTC/USDT,2025-09-14 04:45:00,SELL,115750.99,113435.9702,116908.49990000001,116908.49990000001,LOSS
BTC/USDT,2025-09-14 05:00:00,SELL,115781.04,113465.41919999999,116938.8504,116938.8504,LOSS
BTC/USDT,2025-09-14 05:15:00,SELL,115788.86,113473.0828,116946.7486,116946.7486,LOSS
BTC/USDT,2025-09-14 06:30:00,SELL,115723.64,113409.1672,116880.8764,116880.8764,LOSS
BTC/USDT,2025-09-14 06:45:00,SELL,115734.23,113419.54539999999,116891.5723,116891.5723,LOSS
BTC/USDT,2025-09-14 07:00:00,SELL,115737.0,113422.26,116894.37,116894.37,LOSS
BTC/USDT,2025-09-14 07:15:00,SELL,115774.23,113458.7454,116931.9723,116931.9723,LOSS
BTC/USDT,2025-09-14 08:15:00,BUY,115874.95,118192.449,114716.20049999999,114716.20049999999,LOSS
BTC/USDT,2025-09-14 08:30:00,BUY,115971.75,118291.185,114812.0325,114812.0325,LOSS
BTC/USDT,2025-09-14 08:45:00,BUY,115933.4,118252.068,114774.06599999999,114774.06599999999,LOSS
BTC/USDT,2025-09-14 09:00:00,BUY,115961.35,118280.577,114801.7365,114801.7365,LOSS
BTC/USDT,2025-09-14 09:15:00,BUY,116018.53,118338.90060000001,114858.3447,114858.3447,LOSS
BTC/USDT,2025-09-14 09:30:00,BUY,116104.44,118426.5288,114943.3956,114943.3956,LOSS
BTC/USDT,2025-09-14 09:45:00,BUY,116052.09,118373.1318,114891.5691,114891.5691,LOSS
BTC/USDT,2025-09-14 10:00:00,BUY,116052.19,118373.2338,114891.6681,114891.6681,LOSS
BTC/USDT,2025-09-14 10:15:00,BUY,115956.49,118275.6198,114796.92510000001,114796.92510000001,LOSS
BTC/USDT,2025-09-14 10:30:00,BUY,115991.0,118310.82,114831.09,114831.09,LOSS
BTC/USDT,2025-09-14 10:45:00,BUY,116027.26,118347.8052,114866.9874,114866.9874,LOSS
BTC/USDT,2025-09-14 11:00:00,BUY,116052.56,118373.6112,114892.03439999999,114892.03439999999,LOSS
BTC/USDT,2025-09-14 11:45:00,SELL,115794.91,113479.01180000001,116952.8591,116952.8591,LOSS
BTC/USDT,2025-09-14 12:00:00,SELL,115786.32,113470.59360000001,116944.18320000001,116944.18320000001,LOSS
BTC/USDT,2025-09-14 12:15:00,SELL,115806.61,113490.4778,116964.6761,116964.6761,LOSS
BTC/USDT,2025-09-14 12:30:00,SELL,115713.78,113399.50439999999,116870.9178,116870.9178,LOSS
BTC/USDT,2025-09-14 12:45:00,SELL,115776.31,113460.78379999999,116934.0731,116934.0731,LOSS
BTC/USDT,2025-09-14 13:00:00,SELL,115741.36,113426.5328,116898.7736,116898.7736,LOSS
BTC/USDT,2025-09-14 13:15:00,SELL,115531.88,113221.2424,116687.19880000001,116687.19880000001,LOSS
BTC/USDT,2025-09-14 14:00:00,SELL,115577.9,113266.34199999999,116733.67899999999,116733.67899999999,LOSS
BTC/USDT,2025-09-14 14:15:00,SELL,115471.67,113162.23659999999,116626.3867,116626.3867,LOSS
BTC/USDT,2025-09-14 14:30:00,SELL,115306.24,113000.1152,116459.3024,116459.3024,LOSS
BTC/USDT,2025-09-14 14:45:00,SELL,115401.75,113093.715,116555.7675,116555.7675,LOSS
BTC/USDT,2025-09-14 15:00:00,SELL,115332.16,113025.5168,116485.4816,116485.4816,LOSS
BTC/USDT,2025-09-14 15:15:00,SELL,115295.82,112989.9036,116448.77820000002,116448.77820000002,LOSS
BTC/USDT,2025-09-14 15:30:00,SELL,115289.69,112983.8962,116442.58690000001,116442.58690000001,LOSS
BTC/USDT,2025-09-14 15:45:00,SELL,115224.01,112919.52979999999,116376.25009999999,116376.25009999999,LOSS
BTC/USDT,2025-09-14 16:00:00,SELL,115294.71,112988.81580000001,116447.65710000001,116447.65710000001,LOSS
BTC/USDT,2025-09-14 16:15:00,SELL,115502.05,113192.009,116657.0705,116657.0705,LOSS
BTC/USDT,2025-09-14 19:45:00,BUY,115634.99,117947.68980000001,114478.6401,114478.6401,LOSS
BTC/USDT,2025-09-14 20:00:00,BUY,115758.93,118074.10859999999,114601.34069999999,114601.34069999999,LOSS
BTC/USDT,2025-09-14 20:15:00,BUY,115688.37,118002.13739999999,114531.48629999999,114531.48629999999,LOSS
BTC/USDT,2025-09-14 20:30:00,BUY,115827.76,118144.3152,114669.4824,114669.4824,LOSS
BTC/USDT,2025-09-14 20:45:00,BUY,115802.16,118118.2032,114644.1384,114644.1384,LOSS
BTC/USDT,2025-09-14 21:00:00,BUY,115778.62,118094.1924,114620.8338,114620.8338,LOSS
BTC/USDT,2025-09-14 21:15:00,BUY,115899.99,118217.98980000001,114740.99010000001,114740.99010000001,LOSS
BTC/USDT,2025-09-14 21:30:00,BUY,116057.2,118378.344,114896.628,114896.628,LOSS
BTC/USDT,2025-09-14 21:45:00,BUY,116058.88,118380.0576,114898.2912,114898.2912,LOSS
BTC/USDT,2025-09-14 22:00:00,BUY,115928.86,118247.4372,114769.5714,114769.5714,LOSS
BTC/USDT,2025-09-14 22:15:00,BUY,115895.59,118213.5018,114736.6341,114736.6341,LOSS
BTC/USDT,2025-09-14 22:30:00,BUY,116049.18,118370.1636,114888.68819999999,114888.68819999999,LOSS
BTC/USDT,2025-09-14 22:45:00,BUY,116009.61,118329.8022,114849.5139,114849.5139,LOSS
BTC/USDT,2025-09-14 23:30:00,SELL,115244.19,112939.3062,116396.63190000001,116396.63190000001,LOSS
BTC/USDT,2025-09-14 23:45:00,SELL,115268.01,112962.6498,116420.69009999999,116420.69009999999,LOSS
BTC/USDT,2025-09-15 00:00:00,SELL,115110.85,112808.633,116261.95850000001,116261.95850000001,LOSS
BTC/USDT,2025-09-15 00:15:00,SELL,115206.37,112902.2426,116358.4337,116358.4337,LOSS
BTC/USDT,2025-09-15 00:30:00,SELL,115026.47,112725.9406,116176.7347,116176.7347,LOSS
BTC/USDT,2025-09-15 00:45:00,SELL,115071.32,112769.89360000001,116222.0332,116222.0332,LOSS
BTC/USDT,2025-09-15 01:15:00,SELL,115164.51,112861.21979999999,116316.15509999999,116316.15509999999,LOSS
BTC/USDT,2025-09-15 01:30:00,SELL,115200.0,112896.0,116352.0,116352.0,LOSS
BTC/USDT,2025-09-15 01:45:00,SELL,115231.69,112927.0562,116384.00690000001,116384.00690000001,LOSS
BTC/USDT,2025-09-15 02:00:00,SELL,115375.86,113068.3428,116529.6186,116529.6186,LOSS
BTC/USDT,2025-09-15 04:00:00,BUY,115497.99,117807.9498,114343.0101,117807.9498,WIN
BTC/USDT,2025-09-15 04:15:00,BUY,115962.44,118281.6888,114802.8156,114802.8156,LOSS
BTC/USDT,2025-09-15 04:30:00,BUY,116067.49,118388.8398,114906.8151,114906.8151,LOSS
BTC/USDT,2025-09-15 04:45:00,BUY,116058.01,118379.1702,114897.42989999999,114897.42989999999,LOSS
BTC/USDT,2025-09-15 06:15:00,BUY,116411.8,118740.03600000001,115247.682,115247.682,LOSS
BTC/USDT,2025-09-15 06:30:00,BUY,116283.51,118609.1802,115120.6749,115120.6749,LOSS
BTC/USDT,2025-09-15 06:45:00,BUY,116129.99,118452.5898,114968.6901,114968.6901,LOSS
BTC/USDT,2025-09-15 07:00:00,BUY,116242.0,118566.84,115079.58,115079.58,LOSS
BTC/USDT,2025-09-15 08:15:00,SELL,115651.03,113338.0094,116807.5403,116807.5403,LOSS
BTC/USDT,2025-09-15 08:30:00,SELL,115255.68,112950.5664,116408.2368,116408.2368,LOSS
BTC/USDT,2025-09-15 09:00:00,SELL,114854.0,112556.92,116002.54000000001,116002.54000000001,LOSS
BTC/USDT,2025-09-15 09:15:00,SELL,115089.83,112788.0334,116240.7283,116240.7283,LOSS
BTC/USDT,2025-09-15 09:30:00,SELL,114947.87,112648.9126,116097.3487,116097.3487,LOSS
BTC/USDT,2025-09-15 09:45:00,SELL,114868.59,112571.21819999999,116017.2759,116017.2759,LOSS
BTC/USDT,2025-09-15 10:00:00,SELL,114840.91,112544.0918,115989.31910000001,115989.31910000001,LOSS
BTC/USDT,2025-09-15 10:15:00,SELL,114781.11,112485.4878,115928.9211,115928.9211,LOSS
BTC/USDT,2025-09-15 10:30:00,SELL,114770.3,112474.894,115918.003,115918.003,LOSS
BTC/USDT,2025-09-15 10:45:00,SELL,114769.04,112473.6592,115916.7304,115916.7304,LOSS
BTC/USDT,2025-09-15 11:00:00,SELL,115067.48,112766.1304,116218.1548,116218.1548,LOSS
BTC/USDT,2025-09-15 11:15:00,SELL,114919.37,112620.98259999999,116068.5637,116068.5637,LOSS
BTC/USDT,2025-09-15 11:30:00,SELL,115068.98,112767.6004,116219.6698,116219.6698,LOSS
BTC/USDT,2025-09-15 17:45:00,BUY,115120.03,117422.4306,113968.8297,117422.4306,WIN
BTC/USDT,2025-09-15 18:00:00,BUY,114962.6,117261.85200000001,113812.974,117261.85200000001,WIN
BTC/USDT,2025-09-15 18:15:00,BUY,114942.34,117241.1868,113792.9166,117241.1868,WIN
BTC/USDT,2025-09-15 18:30:00,BUY,114954.5,117253.59,113804.955,117253.59,WIN
BTC/USDT,2025-09-15 18:45:00,BUY,115307.79,117613.9458,114154.71209999999,117613.9458,WIN
BTC/USDT,2025-09-15 19:00:00,BUY,115182.6,117486.25200000001,114030.774,117486.25200000001,WIN
BTC/USDT,2025-09-15 19:15:00,BUY,115100.71,117402.72420000001,113949.7029,117402.72420000001,WIN
BTC/USDT,2025-09-15 19:30:00,BUY,115439.98,117748.7796,114285.5802,117748.7796,WIN
BTC/USDT,2025-09-15 19:45:00,BUY,115307.78,117613.9356,114154.7022,117613.9356,WIN
BTC/USDT,2025-09-15 20:00:00,BUY,115465.66,117774.97320000001,114311.0034,117774.97320000001,WIN
BTC/USDT,2025-09-15 20:15:00,BUY,115283.5,117589.17,114130.665,117589.17,WIN
BTC/USDT,2025-09-15 20:30:00,BUY,115258.85,117564.027,114106.26150000001,117564.027,WIN
BTC/USDT,2025-09-15 20:45:00,BUY,115379.99,117687.5898,114226.1901,117687.5898,WIN
BTC/USDT,2025-09-15 21:00:00,BUY,115310.72,117616.9344,114157.6128,117616.9344,WIN
BTC/USDT,2025-09-15 21:15:00,BUY,115434.19,117742.8738,114279.8481,117742.8738,WIN
BTC/USDT,2025-09-15 21:30:00,BUY,115509.99,117820.18980000001,114354.8901,117820.18980000001,WIN
BTC/USDT,2025-09-15 21:45:00,BUY,115528.0,117838.56,114372.72,117838.56,WIN
BTC/USDT,2025-09-15 22:00:00,BUY,115420.58,117728.99160000001,114266.3742,117728.99160000001,WIN
BTC/USDT,2025-09-15 22:15:00,BUY,115439.99,117748.78980000001,114285.5901,117748.78980000001,WIN
BTC/USDT,2025-09-16 00:30:00,SELL,115136.88,112834.1424,116288.2488,116288.2488,LOSS
BTC/USDT,2025-09-16 00:45:00,SELL,115088.66,112786.88680000001,116239.5466,116239.5466,LOSS
BTC/USDT,2025-09-16 01:00:00,SELL,115251.62,112946.5876,116404.1362,116404.1362,LOSS
BTC/USDT,2025-09-16 01:30:00,SELL,115174.61,112871.11779999999,116326.3561,116326.3561,LOSS
BTC/USDT,2025-09-16 01:45:00,SELL,115024.24,112723.7552,116174.48240000001,116174.48240000001,LOSS
BTC/USDT,2025-09-16 02:00:00,SELL,115156.77,112853.6346,116308.3377,116308.3377,LOSS
BTC/USDT,2025-09-16 02:15:00,SELL,115152.88,112849.8224,116304.4088,116304.4088,LOSS
BTC/USDT,2025-09-16 02:30:00,SELL,115093.4,112791.53199999999,116244.33399999999,116244.33399999999,LOSS
BTC/USDT,2025-09-16 02:45:00,SELL,115034.47,112733.7806,116184.8147,116184.8147,LOSS
BTC/USDT,2025-09-16 03:00:00,SELL,115114.0,112811.72,116265.14,116265.14,LOSS
BTC/USDT,2025-09-16 03:15:00,SELL,115189.34,112885.5532,116341.2334,116341.2334,LOSS
BTC/USDT,2025-09-16 03:45:00,BUY,115307.25,117613.395,114154.1775,117613.395,WIN
BTC/USDT,2025-09-16 04:15:00,BUY,115309.99,117616.18980000001,114156.8901,117616.18980000001,WIN
BTC/USDT,2025-09-16 04:30:00,BUY,115366.67,117674.0034,114213.0033,117674.0034,WIN
BTC/USDT,2025-09-16 04:45:00,BUY,115503.01,117813.0702,114347.97989999999,117813.0702,WIN
BTC/USDT,2025-09-16 05:00:00,BUY,115826.37,118142.8974,114668.1063,115826.37,NONE
BTC/USDT,2025-09-16 05:15:00,BUY,115738.2,118052.96399999999,114580.818,115738.2,NONE
BTC/USDT,2025-09-16 05:30:00,BUY,115846.3,118163.22600000001,114687.837,115846.3,NONE
BTC/USDT,2025-09-16 05:45:00,BUY,115936.65,118255.383,114777.28349999999,114777.28349999999,LOSS
BTC/USDT,2025-09-16 06:00:00,BUY,116005.15,118325.253,114845.0985,114845.0985,LOSS
BTC/USDT,2025-09-16 06:15:00,BUY,115724.5,118038.99,114567.255,115724.5,NONE
BTC/USDT,2025-09-16 06:30:00,BUY,115792.78,118108.6356,114634.8522,115792.78,NONE
BTC/USDT,2025-09-16 06:45:00,BUY,115770.35,118085.75700000001,114612.6465,115770.35,NONE
BTC/USDT,2025-09-16 07:00:00,BUY,115822.43,118138.8786,114664.20569999999,115822.43,NONE
BTC/USDT,2025-09-16 07:15:00,BUY,115834.4,118151.088,114676.056,115834.4,NONE
BTC/USDT,2025-09-16 07:30:00,BUY,115800.11,118116.1122,114642.1089,115800.11,NONE
BTC/USDT,2025-09-16 07:45:00,BUY,115840.0,118156.8,114681.6,115840.0,NONE
BTC/USDT,2025-09-16 08:00:00,BUY,115947.54,118266.4908,114788.0646,114788.0646,LOSS
BTC/USDT,2025-09-16 09:45:00,SELL,115477.27,113167.7246,116632.0427,116632.0427,LOSS
BTC/USDT,2025-09-16 10:00:00,SELL,115446.0,113137.08,116600.46,116600.46,LOSS
BTC/USDT,2025-09-16 10:15:00,SELL,115511.04,113200.8192,116666.1504,116666.1504,LOSS
BTC/USDT,2025-09-16 10:30:00,SELL,115435.29,113126.5842,116589.64289999999,116589.64289999999,LOSS
BTC/USDT,2025-09-16 10:45:00,SELL,115372.46,113065.0108,116526.18460000001,116526.18460000001,LOSS
BTC/USDT,2025-09-16 11:00:00,SELL,115244.35,112939.463,116396.7935,116396.7935,LOSS
BTC/USDT,2025-09-16 11:15:00,SELL,115328.8,113022.224,116482.088,116482.088,LOSS
BTC/USDT,2025-09-16 11:30:00,SELL,115346.58,113039.6484,116500.0458,116500.0458,LOSS
BTC/USDT,2025-09-16 11:45:00,SELL,115287.83,112982.0734,116440.7083,116440.7083,LOSS
BTC/USDT,2025-09-16 12:00:00,SELL,115368.6,113061.228,116522.28600000001,116522.28600000001,LOSS
BTC/USDT,2025-09-16 12:15:00,SELL,115327.6,113021.04800000001,116480.876,116480.876,LOSS
BTC/USDT,2025-09-16 12:30:00,SELL,115427.01,113118.46979999999,116581.28009999999,116581.28009999999,LOSS
BTC/USDT,2025-09-16 12:45:00,SELL,115439.36,113130.5728,116593.7536,116593.7536,LOSS
BTC/USDT,2025-09-16 13:00:00,SELL,115391.04,113083.21919999999,116544.9504,116544.9504,LOSS
BTC/USDT,2025-09-16 13:30:00,SELL,115085.35,112783.643,116236.2035,116236.2035,LOSS
BTC/USDT,2025-09-16 13:45:00,SELL,115200.0,112896.0,116352.0,116352.0,LOSS
BTC/USDT,2025-09-16 14:00:00,SELL,114994.84,112694.9432,116144.78839999999,116144.78839999999,LOSS
BTC/USDT,2025-09-16 14:15:00,SELL,115004.0,112703.92,116154.04000000001,116154.04000000001,LOSS
BTC/USDT,2025-09-16 14:30:00,SELL,115038.42,112737.6516,116188.8042,116188.8042,LOSS
BTC/USDT,2025-09-16 14:45:00,SELL,115296.86,112990.9228,116449.82860000001,116449.82860000001,LOSS
BTC/USDT,2025-09-16 15:00:00,SELL,115042.0,112741.16,116192.42,116192.42,LOSS
BTC/USDT,2025-09-16 15:15:00,SELL,115117.08,112814.7384,116268.25080000001,116268.25080000001,LOSS
BTC/USDT,2025-09-16 15:45:00,BUY,115905.88,118223.9976,114746.8212,114746.8212,LOSS
BTC/USDT,2025-09-16 16:00:00,BUY,115760.41,118075.61820000001,114602.8059,115760.41,NONE
BTC/USDT,2025-09-16 16:15:00,BUY,115858.01,118175.1702,114699.42989999999,115858.01,NONE
BTC/USDT,2025-09-16 16:30:00,BUY,115849.22,118166.2044,114690.7278,115849.22,NONE
BTC/USDT,2025-09-16 16:45:00,BUY,116068.06,118389.4212,114907.37939999999,114907.37939999999,LOSS
BTC/USDT,2025-09-16 17:30:00,BUY,116495.07,118824.97140000001,115330.1193,115330.1193,LOSS
BTC/USDT,2025-09-16 17:45:00,BUY,116461.54,118790.7708,115296.9246,115296.9246,LOSS
BTC/USDT,2025-09-16 18:00:00,BUY,116549.13,118880.11260000001,115383.63870000001,115383.63870000001,LOSS
BTC/USDT,2025-09-16 18:15:00,BUY,116478.36,118807.9272,115313.5764,115313.5764,LOSS
BTC/USDT,2025-09-16 18:30:00,BUY,116270.15,118595.553,115107.4485,115107.4485,LOSS
BTC/USDT,2025-09-16 18:45:00,BUY,116418.86,118747.2372,115254.6714,115254.6714,LOSS
BTC/USDT,2025-09-16 19:00:00,BUY,116576.9,118908.438,115411.131,115411.131,LOSS
BTC/USDT,2025-09-16 19:15:00,BUY,116488.63,118818.4026,115323.7437,115323.7437,LOSS
BTC/USDT,2025-09-16 19:30:00,BUY,116590.0,118921.8,115424.1,115424.1,LOSS
BTC/USDT,2025-09-16 19:45:00,BUY,116800.12,119136.1224,115632.1188,115632.1188,LOSS
BTC/USDT,2025-09-16 20:00:00,BUY,116862.0,119199.24,115693.38,115693.38,LOSS
BTC/USDT,2025-09-16 20:15:00,BUY,116737.16,119071.9032,115569.7884,115569.7884,LOSS
BTC/USDT,2025-09-16 20:30:00,BUY,116874.07,119211.55140000001,115705.32930000001,115705.32930000001,LOSS
BTC/USDT,2025-09-16 20:45:00,BUY,116839.47,119176.25940000001,115671.0753,115671.0753,LOSS
BTC/USDT,2025-09-17 03:30:00,SELL,116478.63,114149.0574,117643.41630000001,117643.41630000001,LOSS
BTC/USDT,2025-09-17 03:45:00,SELL,116372.04,114044.5992,117535.7604,117535.7604,LOSS
BTC/USDT,2025-09-17 04:00:00,SELL,116429.99,114101.39020000001,117594.2899,117594.2899,LOSS
BTC/USDT,2025-09-17 04:15:00,SELL,116320.79,113994.37419999999,117483.99789999999,117483.99789999999,LOSS
BTC/USDT,2025-09-17 04:30:00,SELL,116240.03,113915.2294,117402.43029999999,117402.43029999999,LOSS
BTC/USDT,2025-09-17 04:45:00,SELL,116313.49,113987.2202,117476.62490000001,117476.62490000001,LOSS
BTC/USDT,2025-09-17 05:00:00,SELL,116559.15,114227.96699999999,117724.74149999999,117724.74149999999,LOSS
BTC/USDT,2025-09-17 05:15:00,SELL,116560.43,114229.2214,117726.0343,117726.0343,LOSS
BTC/USDT,2025-09-17 05:30:00,SELL,116688.33,114354.5634,117855.2133,117855.2133,LOSS
BTC/USDT,2025-09-17 05:45:00,BUY,117108.3,119450.466,115937.217,115937.217,LOSS
BTC/USDT,2025-09-17 06:00:00,BUY,117064.9,119406.19799999999,115894.25099999999,115894.25099999999,LOSS
BTC/USDT,2025-09-17 06:15:00,BUY,117051.9,119392.938,115881.381,115881.381,LOSS
BTC/USDT,2025-09-17 06:30:00,BUY,117153.7,119496.774,115982.163,115982.163,LOSS
BTC/USDT,2025-09-17 06:45:00,BUY,117234.27,119578.9554,116061.9273,116061.9273,LOSS
BTC/USDT,2025-09-17 07:00:00,BUY,117175.34,119518.8468,116003.5866,116003.5866,LOSS
BTC/USDT,2025-09-17 07:15:00,BUY,117233.89,119578.5678,116061.5511,116061.5511,LOSS
BTC/USDT,2025-09-17 07:30:00,BUY,117194.12,119538.0024,116022.1788,116022.1788,LOSS
BTC/USDT,2025-09-17 07:45:00,BUY,117162.48,119505.72959999999,115990.85519999999,115990.85519999999,LOSS
BTC/USDT,2025-09-17 08:00:00,BUY,117000.0,119340.0,115830.0,115830.0,LOSS
BTC/USDT,2025-09-17 08:15:00,BUY,116905.54,119243.65079999999,115736.4846,115736.4846,LOSS
BTC/USDT,2025-09-17 09:30:00,SELL,116700.99,114366.9702,117867.99990000001,117867.99990000001,LOSS
BTC/USDT,2025-09-17 09:45:00,SELL,116550.01,114219.0098,117715.5101,117715.5101,LOSS
BTC/USDT,2025-09-17 10:00:00,SELL,116478.67,114149.09659999999,117643.4567,117643.4567,LOSS
BTC/USDT,2025-09-17 10:15:00,SELL,116390.38,114062.5724,117554.2838,117554.2838,LOSS
BTC/USDT,2025-09-17 10:30:00,SELL,116407.41,114079.26180000001,117571.4841,117571.4841,LOSS
BTC/USDT,2025-09-17 10:45:00,SELL,116359.14,114031.9572,117522.7314,117522.7314,LOSS
BTC/USDT,2025-09-17 11:00:00,SELL,116342.95,114016.091,117506.3795,117506.3795,LOSS
BTC/USDT,2025-09-17 11:15:00,SELL,116317.44,113991.0912,117480.6144,117480.6144,LOSS
BTC/USDT,2025-09-17 11:30:00,SELL,116293.87,113967.9926,117456.8087,117456.8087,LOSS
BTC/USDT,2025-09-17 11:45:00,SELL,116258.13,113932.96740000001,117420.71130000001,117420.71130000001,LOSS
BTC/USDT,2025-09-17 12:00:00,SELL,116338.14,114011.3772,117501.5214,117501.5214,LOSS
BTC/USDT,2025-09-17 12:15:00,SELL,116372.0,114044.56,117535.72,117535.72,LOSS
BTC/USDT,2025-09-17 12:30:00,SELL,116201.55,113877.519,117363.5655,117363.5655,LOSS
BTC/USDT,2025-09-17 12:45:00,SELL,116204.94,113880.8412,117366.9894,117366.9894,LOSS
BTC/USDT,2025-09-17 13:00:00,SELL,116123.09,113800.62819999999,117284.32089999999,117284.32089999999,LOSS
BTC/USDT,2025-09-17 13:15:00,SELL,116251.11,113926.0878,117413.6211,117413.6211,LOSS
BTC/USDT,2025-09-17 13:30:00,SELL,115982.23,113662.5854,117142.0523,117142.0523,LOSS
BTC/USDT,2025-09-17 13:45:00,SELL,116107.19,113785.0462,117268.2619,117268.2619,LOSS
BTC/USDT,2025-09-17 14:00:00,SELL,116174.35,113850.863,117336.0935,117336.0935,LOSS
BTC/USDT,2025-09-17 15:00:00,SELL,115767.29,113451.9442,116924.9629,116924.9629,LOSS
BTC/USDT,2025-09-17 15:15:00,SELL,115638.46,113325.69080000001,116794.84460000001,116794.84460000001,LOSS
BTC/USDT,2025-09-17 15:30:00,SELL,115823.99,113507.5102,116982.2299,116982.2299,LOSS
BTC/USDT,2025-09-17 15:45:00,SELL,115875.32,113557.81360000001,117034.07320000001,117034.07320000001,LOSS
BTC/USDT,2025-09-17 16:00:00,SELL,115570.79,113259.37419999999,116726.49789999999,116726.49789999999,LOSS
BTC/USDT,2025-09-17 16:15:00,SELL,115680.0,113366.4,116836.8,116836.8,LOSS
BTC/USDT,2025-09-17 16:30:00,SELL,115474.95,113165.451,116629.6995,116629.6995,LOSS
BTC/USDT,2025-09-17 16:45:00,SELL,115640.77,113327.9546,116797.1777,116797.1777,LOSS
BTC/USDT,2025-09-17 18:30:00,SELL,114902.33,112604.2834,116051.3533,116051.3533,LOSS
BTC/USDT,2025-09-17 18:45:00,SELL,115226.93,112922.3914,116379.1993,116379.1993,LOSS
BTC/USDT,2025-09-17 19:00:00,SELL,115492.29,113182.4442,116647.2129,116647.2129,LOSS
BTC/USDT,2025-09-17 21:15:00,BUY,115802.16,118118.2032,114644.1384,115802.16,NONE
BTC/USDT,2025-09-17 21:30:00,BUY,115951.11,118270.13220000001,114791.5989,115951.11,NONE
BTC/USDT,2025-09-17 21:45:00,BUY,116038.39,118359.1578,114878.0061,116038.39,NONE
BTC/USDT,2025-09-17 22:00:00,BUY,116258.32,118583.48640000001,115095.7368,116258.32,NONE
BTC/USDT,2025-09-17 22:15:00,BUY,116229.52,118554.1104,115067.2248,116229.52,NONE
BTC/USDT,2025-09-17 22:30:00,BUY,116333.77,118660.44540000001,115170.4323,115170.4323,LOSS
BTC/USDT,2025-09-17 22:45:00,BUY,116559.69,118890.88380000001,115394.0931,115394.0931,LOSS
BTC/USDT,2025-09-17 23:00:00,BUY,116815.5,119151.81,115647.345,115647.345,LOSS
BTC/USDT,2025-09-17 23:15:00,BUY,116558.64,118889.8128,115393.0536,115393.0536,LOSS
BTC/USDT,2025-09-17 23:30:00,BUY,116391.82,118719.6564,115227.9018,115227.9018,LOSS
BTC/USDT,2025-09-17 23:45:00,BUY,116447.59,118776.54179999999,115283.11409999999,115283.11409999999,LOSS
BTC/USDT,2025-09-18 00:00:00,BUY,116281.12,118606.7424,115118.3088,115118.3088,LOSS
BTC/USDT,2025-09-18 00:15:00,BUY,116180.0,118503.6,115018.2,116180.0,NONE
BTC/USDT,2025-09-18 00:30:00,BUY,116383.9,118711.578,115220.06099999999,115220.06099999999,LOSS
BTC/USDT,2025-09-18 00:45:00,BUY,116350.65,118677.663,115187.14349999999,115187.14349999999,LOSS
BTC/USDT,2025-09-18 01:00:00,BUY,116599.49,118931.4798,115433.4951,115433.4951,LOSS
BTC/USDT,2025-09-18 01:15:00,BUY,116557.68,118888.8336,115392.1032,115392.1032,LOSS
BTC/USDT,2025-09-18 01:30:00,BUY,116832.31,119168.9562,115663.9869,115663.9869,LOSS
BTC/USDT,2025-09-18 01:45:00,BUY,116634.84,118967.5368,115468.4916,115468.4916,LOSS
BTC/USDT,2025-09-18 02:00:00,BUY,116649.24,118982.22480000001,115482.7476,115482.7476,LOSS
BTC/USDT,2025-09-18 02:15:00,BUY,116484.41,118814.09820000001,115319.5659,115319.5659,LOSS
BTC/USDT,2025-09-18 02:45:00,BUY,116950.47,119289.4794,115780.9653,115780.9653,LOSS
BTC/USDT,2025-09-18 03:00:00,BUY,117440.32,119789.12640000001,116265.9168,116265.9168,LOSS
BTC/USDT,2025-09-18 03:45:00,BUY,117581.66,119933.2932,116405.8434,116405.8434,LOSS
BTC/USDT,2025-09-18 04:00:00,BUY,117658.84,120012.0168,116482.25159999999,116482.25159999999,LOSS
BTC/USDT,2025-09-18 04:15:00,BUY,117372.7,119720.154,116198.973,116198.973,LOSS
BTC/USDT,2025-09-18 04:30:00,BUY,117430.39,119778.9978,116256.0861,116256.0861,LOSS
BTC/USDT,2025-09-18 04:45:00,BUY,117605.16,119957.2632,116429.1084,116429.1084,LOSS
BTC/USDT,2025-09-18 05:00:00,BUY,117449.83,119798.8266,116275.3317,116275.3317,LOSS
BTC/USDT,2025-09-18 11:45:00,SELL,117063.4,114722.132,118234.034,117063.4,NONE
BTC/USDT,2025-09-18 13:00:00,BUY,117386.85,119734.58700000001,116212.98150000001,116212.98150000001,LOSS
BTC/USDT,2025-09-18 13:15:00,BUY,117445.35,119794.25700000001,116270.8965,116270.8965,LOSS
BTC/USDT,2025-09-18 13:30:00,BUY,117171.07,119514.49140000001,115999.35930000001,115999.35930000001,LOSS
BTC/USDT,2025-09-18 13:45:00,BUY,117432.04,119780.6808,116257.7196,116257.7196,LOSS
BTC/USDT,2025-09-18 14:00:00,BUY,117540.44,119891.2488,116365.0356,116365.0356,LOSS
BTC/USDT,2025-09-18 14:15:00,BUY,117706.4,120060.52799999999,116529.336,116529.336,LOSS
BTC/USDT,2025-09-18 14:30:00,BUY,117764.42,120119.7084,116586.7758,116586.7758,LOSS
BTC/USDT,2025-09-18 14:45:00,BUY,117640.54,119993.3508,116464.13459999999,116464.13459999999,LOSS
BTC/USDT,2025-09-18 15:00:00,BUY,117410.47,119758.67940000001,116236.3653,116236.3653,LOSS
BTC/USDT,2025-09-18 15:15:00,BUY,117336.0,119682.72,116162.64,116162.64,LOSS
BTC/USDT,2025-09-18 15:30:00,BUY,117445.82,119794.73640000001,116271.3618,116271.3618,LOSS
BTC/USDT,2025-09-18 15:45:00,BUY,117583.56,119935.2312,116407.72439999999,116407.72439999999,LOSS
BTC/USDT,2025-09-18 16:00:00,BUY,117695.16,120049.0632,116518.2084,116518.2084,LOSS
BTC/USDT,2025-09-18 16:15:00,BUY,117707.07,120061.21140000001,116529.99930000001,116529.99930000001,LOSS
BTC/USDT,2025-09-18 16:30:00,BUY,117759.37,120114.55739999999,116581.7763,116581.7763,LOSS
BTC/USDT,2025-09-18 16:45:00,BUY,117565.6,119916.91200000001,116389.944,116389.944,LOSS
BTC/USDT,2025-09-18 17:00:00,BUY,117665.12,120018.4224,116488.46879999999,116488.46879999999,LOSS
BTC/USDT,2025-09-18 18:15:00,BUY,117808.55,120164.721,116630.4645,116630.4645,LOSS
BTC/USDT,2025-09-18 18:30:00,BUY,117808.53,120164.7006,116630.4447,116630.4447,LOSS
BTC/USDT,2025-09-18 18:45:00,BUY,117822.97,120179.42940000001,116644.7403,116644.7403,LOSS
BTC/USDT,2025-09-18 19:00:00,BUY,117726.6,120081.13200000001,116549.334,116549.334,LOSS
BTC/USDT,2025-09-18 19:45:00,SELL,117450.21,115101.20580000001,118624.7121,115101.20580000001,WIN
BTC/USDT,2025-09-18 20:00:00,SELL,117437.47,115088.7206,118611.8447,117437.47,NONE
BTC/USDT,2025-09-18 20:15:00,SELL,117501.44,115151.4112,118676.4544,115151.4112,WIN
BTC/USDT,2025-09-18 20:30:00,SELL,117652.83,115299.7734,118829.3583,115299.7734,WIN
BTC/USDT,2025-09-18 20:45:00,SELL,117521.14,115170.7172,118696.3514,115170.7172,WIN
BTC/USDT,2025-09-18 21:00:00,SELL,117330.02,114983.41960000001,118503.3202,117330.02,NONE
BTC/USDT,2025-09-18 21:15:00,SELL,117437.98,115089.22039999999,118612.35979999999,117437.98,NONE
BTC/USDT,2025-09-18 21:30:00,SELL,117369.98,115022.58039999999,118543.6798,117369.98,NONE
BTC/USDT,2025-09-18 21:45:00,SELL,117299.21,114953.2258,118472.20210000001,117299.21,NONE
BTC/USDT,2025-09-18 22:00:00,SELL,117216.06,114871.73879999999,118388.2206,117216.06,NONE
BTC/USDT,2025-09-18 22:15:00,SELL,117267.5,114922.15,118440.175,117267.5,NONE
BTC/USDT,2025-09-18 22:30:00,SELL,117305.88,114959.7624,118478.9388,117305.88,NONE
BTC/USDT,2025-09-18 22:45:00,SELL,117061.02,114719.7996,118231.6302,117061.02,NONE
BTC/USDT,2025-09-18 23:00:00,SELL,116778.97,114443.3906,117946.7597,116778.97,NONE
BTC/USDT,2025-09-18 23:15:00,SELL,116829.23,114492.6454,117997.5223,116829.23,NONE
BTC/USDT,2025-09-18 23:30:00,SELL,116984.39,114644.7022,118154.2339,116984.39,NONE
BTC/USDT,2025-09-18 23:45:00,SELL,117073.53,114732.0594,118244.2653,117073.53,NONE
BTC/USDT,2025-09-19 00:00:00,SELL,117069.13,114727.74740000001,118239.82130000001,117069.13,NONE
BTC/USDT,2025-09-19 00:15:00,SELL,117229.62,114885.02759999999,118401.91619999999,117229.62,NONE
BTC/USDT,2025-09-19 03:30:00,SELL,116953.74,114614.6652,118123.2774,116953.74,NONE
BTC/USDT,2025-09-19 03:45:00,SELL,116977.58,114638.0284,118147.3558,116977.58,NONE
BTC/USDT,2025-09-19 04:00:00,SELL,116775.72,114440.2056,117943.47720000001,116775.72,NONE
BTC/USDT,2025-09-19 04:15:00,SELL,116996.0,114656.08,118165.96,116996.0,NONE
BTC/USDT,2025-09-19 04:30:00,SELL,117001.8,114661.764,118171.818,117001.8,NONE
BTC/USDT,2025-09-19 04:45:00,SELL,116990.65,114650.83699999998,118160.55649999999,116990.65,NONE
BTC/USDT,2025-09-19 05:00:00,SELL,116980.62,114641.0076,118150.4262,116980.62,NONE
BTC/USDT,2025-09-19 05:15:00,SELL,116849.76,114512.76479999999,118018.2576,116849.76,NONE
BTC/USDT,2025-09-19 05:30:00,SELL,116868.92,114531.5416,118037.6092,116868.92,NONE
BTC/USDT,2025-09-19 05:45:00,SELL,116894.83,114556.9334,118063.7783,116894.83,NONE
BTC/USDT,2025-09-19 06:00:00,SELL,116783.06,114447.3988,117950.8906,116783.06,NONE
BTC/USDT,2025-09-19 06:15:00,SELL,116792.25,114456.405,117960.1725,116792.25,NONE
BTC/USDT,2025-09-19 06:30:00,SELL,116745.27,114410.3646,117912.7227,116745.27,NONE
BTC/USDT,2025-09-19 06:45:00,SELL,116669.75,114336.355,117836.4475,116669.75,NONE
BTC/USDT,2025-09-19 07:00:00,SELL,116797.67,114461.7166,117965.6467,116797.67,NONE
BTC/USDT,2025-09-19 07:15:00,SELL,116865.22,114527.9156,118033.8722,116865.22,NONE
BTC/USDT,2025-09-19 09:45:00,SELL,116488.0,114158.23999999999,117652.88,116488.0,NONE
BTC/USDT,2025-09-19 10:00:00,SELL,116525.83,114195.3134,117691.0883,116525.83,NONE
BTC/USDT,2025-09-19 10:15:00,SELL,116483.48,114153.81039999999,117648.3148,116483.48,NONE
BTC/USDT,2025-09-19 10:30:00,SELL,116524.79,114194.29419999999,117690.0379,116524.79,NONE
BTC/USDT,2025-09-19 10:45:00,SELL,116532.68,114202.02639999999,117698.00679999999,116532.68,NONE
BTC/USDT,2025-09-19 11:00:00,SELL,116462.31,114133.06379999999,117626.9331,116462.31,NONE
BTC/USDT,2025-09-19 11:15:00,SELL,116364.0,114036.72,117527.64,116364.0,NONE
BTC/USDT,2025-09-19 11:30:00,SELL,116350.0,114023.0,117513.5,116350.0,NONE
BTC/USDT,2025-09-19 11:45:00,SELL,116394.72,114066.8256,117558.6672,116394.72,NONE
BTC/USDT,2025-09-19 12:00:00,SELL,116469.83,114140.4334,117634.5283,116469.83,NONE
BTC/USDT,2025-09-19 12:15:00,SELL,116231.47,113906.8406,117393.7847,116231.47,NONE
BTC/USDT,2025-09-19 12:30:00,SELL,116223.45,113898.981,117385.6845,116223.45,NONE
BTC/USDT,2025-09-19 13:15:00,SELL,116212.0,113887.76,117374.12,116212.0,NONE
BTC/USDT,2025-09-19 13:30:00,SELL,116272.81,113947.3538,117435.5381,116272.81,NONE
BTC/USDT,2025-09-19 13:45:00,SELL,116284.64,113958.9472,117447.4864,116284.64,NONE
BTC/USDT,2025-09-19 15:15:00,SELL,115800.0,113484.0,116958.0,115800.0,NONE
BTC/USDT,2025-09-19 15:30:00,SELL,115914.36,113596.0728,117073.5036,115914.36,NONE
BTC/USDT,2025-09-19 15:45:00,SELL,115884.03,113566.34939999999,117042.8703,115884.03,NONE
BTC/USDT,2025-09-19 16:00:00,SELL,115972.92,113653.4616,117132.6492,115972.92,NONE
BTC/USDT,2025-09-19 17:30:00,SELL,115626.8,113314.264,116783.068,115626.8,NONE
BTC/USDT,2025-09-19 17:45:00,SELL,115542.73,113231.87539999999,116698.15729999999,115542.73,NONE
BTC/USDT,2025-09-19 18:30:00,SELL,115596.29,113284.3642,116752.25289999999,115596.29,NONE
BTC/USDT,2025-09-19 18:45:00,SELL,115407.49,113099.3402,116561.56490000001,115407.49,NONE
BTC/USDT,2025-09-19 19:00:00,SELL,115298.3,112992.334,116451.28300000001,115298.3,NONE
BTC/USDT,2025-09-19 19:15:00,SELL,115360.15,113052.94699999999,116513.7515,115360.15,NONE
BTC/USDT,2025-09-19 20:00:00,SELL,115313.01,113006.74979999999,116466.14009999999,115313.01,NONE
BTC/USDT,2025-09-19 20:15:00,SELL,115388.44,113080.6712,116542.3244,115388.44,NONE
BTC/USDT,2025-09-20 00:00:00,BUY,115627.96,117940.51920000001,114471.68040000001,115627.96,NONE
BTC/USDT,2025-09-20 00:15:00,BUY,115557.07,117868.21140000001,114401.49930000001,115557.07,NONE
BTC/USDT,2025-09-20 00:30:00,BUY,115703.98,118018.0596,114546.9402,115703.98,NONE
BTC/USDT,2025-09-20 00:45:00,BUY,115723.73,118038.2046,114566.49269999999,115723.73,NONE
BTC/USDT,2025-09-20 01:00:00,BUY,115615.4,117927.708,114459.246,115615.4,NONE
BTC/USDT,2025-09-20 01:15:00,BUY,115700.0,118014.0,114543.0,115700.0,NONE
BTC/USDT,2025-09-20 01:30:00,BUY,115670.24,117983.64480000001,114513.53760000001,115670.24,NONE
BTC/USDT,2025-09-20 01:45:00,BUY,115623.51,117935.98019999999,114467.27489999999,115623.51,NONE
BTC/USDT,2025-09-20 02:00:00,BUY,115503.11,117813.1722,114348.0789,115503.11,NONE
BTC/USDT,2025-09-20 02:15:00,BUY,115533.82,117844.4964,114378.48180000001,115533.82,NONE
BTC/USDT,2025-09-20 02:30:00,BUY,115568.0,117879.36,114412.31999999999,115568.0,NONE
BTC/USDT,2025-09-20 02:45:00,BUY,115606.39,117918.5178,114450.32609999999,115606.39,NONE
BTC/USDT,2025-09-20 03:00:00,SELL,115491.28,113181.4544,116646.1928,115491.28,NONE
BTC/USDT,2025-09-20 03:15:00,SELL,115506.79,113196.65419999999,116661.85789999999,115506.79,NONE
BTC/USDT,2025-09-20 03:30:00,SELL,115506.48,113196.3504,116661.5448,115506.48,NONE
BTC/USDT,2025-09-20 03:45:00,SELL,115445.0,113136.09999999999,116599.45,115445.0,NONE
BTC/USDT,2025-09-20 04:00:00,SELL,115482.0,113172.36,116636.82,115482.0,NONE
BTC/USDT,2025-09-20 04:15:00,SELL,115460.01,113150.80979999999,116614.61009999999,115460.01,NONE
BTC/USDT,2025-09-20 04:30:00,SELL,115547.99,113237.03020000001,116703.46990000001,115547.99,NONE
BTC/USDT,2025-09-20 04:45:00,SELL,115568.41,113257.0418,116724.0941,115568.41,NONE
BTC/USDT,2025-09-20 05:30:00,BUY,115639.99,117952.78980000001,114483.5901,115639.99,NONE
BTC/USDT,2025-09-20 05:45:00,BUY,115717.49,118031.8398,114560.3151,115717.49,NONE
BTC/USDT,2025-09-20 06:00:00,BUY,115625.86,117938.3772,114469.6014,115625.86,NONE
BTC/USDT,2025-09-20 06:15:00,BUY,115677.66,117991.21320000001,114520.8834,115677.66,NONE
BTC/USDT,2025-09-20 06:30:00,BUY,115677.68,117991.23359999999,114520.90319999999,115677.68,NONE
BTC/USDT,2025-09-20 06:45:00,BUY,115700.46,118014.4692,114543.4554,115700.46,NONE
BTC/USDT,2025-09-20 07:00:00,BUY,115687.09,118000.8318,114530.2191,115687.09,NONE
BTC/USDT,2025-09-20 07:15:00,BUY,115737.46,118052.20920000001,114580.08540000001,115737.46,NONE
BTC/USDT,2025-09-20 07:30:00,BUY,115925.66,118244.1732,114766.4034,115925.66,NONE
BTC/USDT,2025-09-20 08:00:00,BUY,115855.97,118173.0894,114697.4103,115855.97,NONE
BTC/USDT,2025-09-20 08:15:00,BUY,115817.16,118133.5032,114658.9884,115817.16,NONE
BTC/USDT,2025-09-20 08:30:00,BUY,115884.06,118201.7412,114725.2194,115884.06,NONE
BTC/USDT,2025-09-20 08:45:00,BUY,115701.43,118015.4586,114544.4157,115701.43,NONE
BTC/USDT,2025-09-20 09:00:00,BUY,115785.12,118100.8224,114627.26879999999,115785.12,NONE
BTC/USDT,2025-09-20 11:45:00,BUY,115894.06,118211.9412,114735.1194,115894.06,NONE
BTC/USDT,2025-09-20 12:00:00,BUY,115903.58,118221.6516,114744.5442,115903.58,NONE
ETH/USDT,2025-09-10 14:45:00,BUY,4401.26,4489.2852,4357.2474,4357.2474,LOSS
ETH/USDT,2025-09-10 15:00:00,BUY,4423.29,4511.7558,4379.0571,4379.0571,LOSS
ETH/USDT,2025-09-10 15:15:00,BUY,4406.48,4494.6096,4362.4151999999995,4362.4151999999995,LOSS
ETH/USDT,2025-09-10 15:30:00,BUY,4409.69,4497.8838,4365.593099999999,4365.593099999999,LOSS
ETH/USDT,2025-09-10 15:45:00,BUY,4404.9,4492.998,4360.851,4360.851,LOSS
ETH/USDT,2025-09-10 17:30:00,SELL,4356.62,4269.4875999999995,4400.1862,4400.1862,LOSS
ETH/USDT,2025-09-10 17:45:00,SELL,4367.14,4279.7972,4410.8114000000005,4410.8114000000005,LOSS
ETH/USDT,2025-09-10 18:00:00,SELL,4360.66,4273.4468,4404.2666,4404.2666,LOSS
ETH/USDT,2025-09-10 18:15:00,SELL,4336.46,4249.7308,4379.8246,4379.8246,LOSS
ETH/USDT,2025-09-10 18:30:00,SELL,4342.33,4255.4834,4385.7533,4385.7533,LOSS
ETH/USDT,2025-09-10 18:45:00,SELL,4341.5,4254.67,4384.915,4384.915,LOSS
ETH/USDT,2025-09-10 19:00:00,SELL,4323.49,4237.0202,4366.7249,4366.7249,LOSS
ETH/USDT,2025-09-10 19:15:00,SELL,4309.35,4223.1630000000005,4352.4435,4352.4435,LOSS
ETH/USDT,2025-09-10 19:30:00,SELL,4314.52,4228.229600000001,4357.6652,4357.6652,LOSS
ETH/USDT,2025-09-10 19:45:00,SELL,4322.72,4236.2656,4365.9472000000005,4365.9472000000005,LOSS
ETH/USDT,2025-09-10 20:00:00,SELL,4332.77,4246.114600000001,4376.0977,4376.0977,LOSS
ETH/USDT,2025-09-10 20:15:00,SELL,4331.28,4244.654399999999,4374.592799999999,4374.592799999999,LOSS
ETH/USDT,2025-09-10 20:30:00,SELL,4329.96,4243.3608,4373.2596,4373.2596,LOSS
ETH/USDT,2025-09-10 20:45:00,SELL,4329.92,4243.3216,4373.2192000000005,4373.2192000000005,LOSS
ETH/USDT,2025-09-10 21:00:00,SELL,4339.44,4252.651199999999,4382.8344,4382.8344,LOSS
ETH/USDT,2025-09-10 21:15:00,SELL,4333.36,4246.6928,4376.6936,4376.6936,LOSS
ETH/USDT,2025-09-11 00:45:00,BUY,4359.83,4447.0266,4316.2317,4447.0266,WIN
ETH/USDT,2025-09-11 01:00:00,BUY,4380.01,4467.6102,4336.2099,4467.6102,WIN
ETH/USDT,2025-09-11 01:15:00,BUY,4371.27,4458.6954000000005,4327.5573,4458.6954000000005,WIN
ETH/USDT,2025-09-11 01:30:00,BUY,4366.51,4453.840200000001,4322.8449,4453.840200000001,WIN
ETH/USDT,2025-09-11 01:45:00,BUY,4365.55,4452.861,4321.8945,4452.861,WIN
ETH/USDT,2025-09-11 02:00:00,BUY,4375.1,4462.602000000001,4331.349,4462.602000000001,WIN
ETH/USDT,2025-09-11 02:15:00,BUY,4371.17,4458.5934,4327.4583,4458.5934,WIN
ETH/USDT,2025-09-11 02:30:00,BUY,4381.57,4469.2014,4337.7543,4469.2014,WIN
ETH/USDT,2025-09-11 02:45:00,BUY,4376.77,4464.3054,4333.0023,4464.3054,WIN
ETH/USDT,2025-09-11 03:00:00,BUY,4378.78,4466.3556,4334.9922,4466.3556,WIN
ETH/USDT,2025-09-11 03:15:00,BUY,4394.24,4482.1248,4350.2976,4350.2976,LOSS
ETH/USDT,2025-09-11 03:30:00,BUY,4389.47,4477.2594,4345.5753,4477.2594,WIN
ETH/USDT,2025-09-11 03:45:00,BUY,4404.1,4492.182000000001,4360.059,4360.059,LOSS
ETH/USDT,2025-09-11 04:00:00,BUY,4402.0,4490.04,4357.98,4357.98,LOSS
ETH/USDT,2025-09-11 04:45:00,BUY,4411.32,4499.5464,4367.2068,4367.2068,LOSS
ETH/USDT,2025-09-11 05:00:00,BUY,4404.35,4492.437000000001,4360.306500000001,4360.306500000001,LOSS
ETH/USDT,2025-09-11 05:15:00,BUY,4406.35,4494.477000000001,4362.2865,4362.2865,LOSS
ETH/USDT,2025-09-11 05:30:00,BUY,4416.2,4504.524,4372.038,4372.038,LOSS
ETH/USDT,2025-09-11 05:45:00,BUY,4419.03,4507.4106,4374.8396999999995,4374.8396999999995,LOSS
ETH/USDT,2025-09-11 06:00:00,BUY,4418.9,4507.277999999999,4374.710999999999,4374.710999999999,LOSS
ETH/USDT,2025-09-11 12:00:00,BUY,4453.68,4542.7536,4409.1432,4409.1432,LOSS
ETH/USDT,2025-09-11 13:00:00,SELL,4393.09,4305.2282000000005,4437.0209,4437.0209,LOSS
ETH/USDT,2025-09-11 13:15:00,SELL,4407.39,4319.242200000001,4451.463900000001,4451.463900000001,LOSS
ETH/USDT,2025-09-11 13:30:00,SELL,4400.46,4312.4508,4444.4646,4444.4646,LOSS
ETH/USDT,2025-09-11 13:45:00,SELL,4437.4,4348.651999999999,4481.773999999999,4481.773999999999,LOSS
ETH/USDT,2025-09-11 14:00:00,SELL,4411.34,4323.1132,4455.4534,4455.4534,LOSS
ETH/USDT,2025-09-11 14:15:00,SELL,4408.71,4320.5358,4452.7971,4452.7971,LOSS
ETH/USDT,2025-09-11 14:30:00,SELL,4430.66,4342.0468,4474.9666,4474.9666,LOSS
ETH/USDT,2025-09-11 14:45:00,SELL,4427.53,4338.979399999999,4471.8053,4471.8053,LOSS
ETH/USDT,2025-09-11 15:00:00,SELL,4420.69,4332.276199999999,4464.8969,4464.8969,LOSS
ETH/USDT,2025-09-11 15:15:00,SELL,4416.12,4327.7976,4460.2812,4460.2812,LOSS
ETH/USDT,2025-09-11 15:30:00,SELL,4411.66,4323.4268,4455.7766,4455.7766,LOSS
ETH/USDT,2025-09-11 15:45:00,SELL,4412.52,4324.2696000000005,4456.645200000001,4456.645200000001,LOSS
ETH/USDT,2025-09-11 16:00:00,SELL,4420.75,4332.335,4464.9575,4464.9575,LOSS
ETH/USDT,2025-09-11 16:15:00,SELL,4412.04,4323.7991999999995,4456.1604,4456.1604,LOSS
ETH/USDT,2025-09-11 16:30:00,SELL,4418.52,4330.149600000001,4462.7052,4462.7052,LOSS
ETH/USDT,2025-09-11 16:45:00,SELL,4417.9,4329.5419999999995,4462.079,4462.079,LOSS
ETH/USDT,2025-09-11 17:15:00,BUY,4428.0,4516.56,4383.72,4516.56,WIN
ETH/USDT,2025-09-11 17:30:00,BUY,4436.73,4525.464599999999,4392.3627,4525.464599999999,WIN
ETH/USDT,2025-09-11 17:45:00,BUY,4433.31,4521.9762,4388.976900000001,4521.9762,WIN
ETH/USDT,2025-09-11 18:00:00,BUY,4425.11,4513.6122,4380.858899999999,4513.6122,WIN
ETH/USDT,2025-09-11 18:15:00,BUY,4416.94,4505.2788,4372.7706,4505.2788,WIN
ETH/USDT,2025-09-11 18:30:00,BUY,4423.65,4512.123,4379.4135,4512.123,WIN
ETH/USDT,2025-09-11 19:00:00,SELL,4414.55,4326.259,4458.6955,4458.6955,LOSS
ETH/USDT,2025-09-11 19:15:00,SELL,4423.4,4334.932,4467.634,4467.634,LOSS
ETH/USDT,2025-09-11 20:00:00,SELL,4415.88,4327.5624,4460.0388,4460.0388,LOSS
ETH/USDT,2025-09-11 20:15:00,SELL,4419.38,4330.9924,4463.5738,4463.5738,LOSS
ETH/USDT,2025-09-11 20:30:00,SELL,4416.73,4328.395399999999,4460.8973,4460.8973,LOSS
ETH/USDT,2025-09-11 20:45:00,SELL,4417.28,4328.9344,4461.4528,4461.4528,LOSS
ETH/USDT,2025-09-11 21:00:00,SELL,4420.51,4332.0998,4464.7151,4464.7151,LOSS
ETH/USDT,2025-09-11 21:15:00,SELL,4419.33,4330.9434,4463.5233,4463.5233,LOSS
ETH/USDT,2025-09-11 21:30:00,SELL,4423.67,4335.1966,4467.9067000000005,4467.9067000000005,LOSS
ETH/USDT,2025-09-11 21:45:00,BUY,4429.22,4517.8044,4384.9278,4517.8044,WIN
ETH/USDT,2025-09-11 22:00:00,BUY,4427.8,4516.356000000001,4383.522,4516.356000000001,WIN
ETH/USDT,2025-09-11 22:15:00,BUY,4443.61,4532.4821999999995,4399.1739,4532.4821999999995,WIN
ETH/USDT,2025-09-11 22:30:00,BUY,4447.98,4536.9396,4403.5001999999995,4536.9396,WIN
ETH/USDT,2025-09-11 22:45:00,BUY,4453.72,4542.794400000001,4409.1828000000005,4542.794400000001,WIN
ETH/USDT,2025-09-11 23:15:00,BUY,4461.09,4550.3118,4416.4791000000005,4550.3118,WIN
ETH/USDT,2025-09-11 23:30:00,BUY,4459.52,4548.710400000001,4414.924800000001,4548.710400000001,WIN
ETH/USDT,2025-09-11 23:45:00,BUY,4458.82,4547.9964,4414.2318,4547.9964,WIN
ETH/USDT,2025-09-12 00:00:00,BUY,4457.16,4546.3032,4412.5884,4546.3032,WIN
ETH/USDT,2025-09-12 00:15:00,BUY,4463.37,4552.6374,4418.7363,4552.6374,WIN
ETH/USDT,2025-09-12 01:45:00,BUY,4497.61,4587.562199999999,4452.6339,4587.562199999999,WIN
ETH/USDT,2025-09-12 02:00:00,BUY,4510.01,4600.2102,4464.909900000001,4600.2102,WIN
ETH/USDT,2025-09-12 02:15:00,BUY,4515.44,4605.748799999999,4470.285599999999,4605.748799999999,WIN
ETH/USDT,2025-09-12 02:30:00,BUY,4515.0,4605.3,4469.85,4605.3,WIN
ETH/USDT,2025-09-12 02:45:00,BUY,4507.51,4597.6602,4462.4349,4597.6602,WIN
ETH/USDT,2025-09-12 06:00:00,BUY,4547.41,4638.3582,4501.9358999999995,4638.3582,WIN
ETH/USDT,2025-09-12 06:15:00,BUY,4545.98,4636.8996,4500.5202,4636.8996,WIN
ETH/USDT,2025-09-12 06:30:00,BUY,4543.1,4633.962,4497.669,4633.962,WIN
ETH/USDT,2025-09-12 06:45:00,BUY,4538.99,4629.7698,4493.6001,4629.7698,WIN
ETH/USDT,2025-09-12 07:00:00,BUY,4546.7,4637.634,4501.233,4637.634,WIN
ETH/USDT,2025-09-12 09:45:00,SELL,4515.12,4424.817599999999,4560.2712,4560.2712,LOSS
ETH/USDT,2025-09-12 10:00:00,SELL,4517.12,4426.777599999999,4562.2912,4562.2912,LOSS
ETH/USDT,2025-09-12 10:15:00,SELL,4511.25,4421.025,4556.3625,4556.3625,LOSS
ETH/USDT,2025-09-12 10:30:00,SELL,4512.16,4421.9168,4557.2816,4557.2816,LOSS
ETH/USDT,2025-09-12 10:45:00,SELL,4516.69,4426.356199999999,4561.8569,4561.8569,LOSS
ETH/USDT,2025-09-12 11:00:00,SELL,4520.92,4430.5016,4566.1292,4566.1292,LOSS
ETH/USDT,2025-09-12 12:00:00,SELL,4512.3,4422.054,4557.423,4557.423,LOSS
ETH/USDT,2025-09-12 12:15:00,SELL,4519.16,4428.7768,4564.3516,4564.3516,LOSS
ETH/USDT,2025-09-12 12:30:00,SELL,4518.6,4428.228,4563.786,4563.786,LOSS
ETH/USDT,2025-09-12 13:15:00,SELL,4518.83,4428.453399999999,4564.0183,4564.0183,LOSS
ETH/USDT,2025-09-12 13:30:00,SELL,4515.0,4424.7,4560.15,4560.15,LOSS
ETH/USDT,2025-09-12 13:45:00,BUY,4539.64,4630.4328000000005,4494.243600000001,4630.4328000000005,WIN
ETH/USDT,2025-09-12 14:00:00,BUY,4545.76,4636.675200000001,4500.3024000000005,4636.675200000001,WIN
ETH/USDT,2025-09-12 14:15:00,BUY,4558.57,4649.7414,4512.9843,4649.7414,WIN
ETH/USDT,2025-09-12 14:30:00,BUY,4525.55,4616.061000000001,4480.2945,4616.061000000001,WIN
ETH/USDT,2025-09-12 14:45:00,BUY,4547.02,4637.960400000001,4501.549800000001,4637.960400000001,WIN
ETH/USDT,2025-09-12 15:00:00,BUY,4533.08,4623.7416,4487.7492,4623.7416,WIN
ETH/USDT,2025-09-12 15:15:00,BUY,4532.48,4623.129599999999,4487.155199999999,4623.129599999999,WIN
ETH/USDT,2025-09-12 15:30:00,BUY,4541.35,4632.177000000001,4495.936500000001,4632.177000000001,WIN
ETH/USDT,2025-09-12 15:45:00,BUY,4541.98,4632.8196,4496.5602,4632.8196,WIN
ETH/USDT,2025-09-12 16:00:00,BUY,4548.1,4639.062000000001,4502.619000000001,4639.062000000001,WIN
ETH/USDT,2025-09-12 16:15:00,BUY,4568.96,4660.3392,4523.2704,4660.3392,WIN
ETH/USDT,2025-09-12 16:30:00,BUY,4559.27,4650.455400000001,4513.6773,4650.455400000001,WIN
ETH/USDT,2025-09-12 16:45:00,BUY,4575.8,4667.316000000001,4530.042,4667.316000000001,WIN
ETH/USDT,2025-09-12 17:00:00,BUY,4577.0,4668.54,4531.23,4668.54,WIN
ETH/USDT,2025-09-12 17:15:00,BUY,4589.67,4681.463400000001,4543.7733,4681.463400000001,WIN
ETH/USDT,2025-09-12 20:00:00,BUY,4642.15,4734.9929999999995,4595.728499999999,4734.9929999999995,WIN
ETH/USDT,2025-09-12 21:15:00,BUY,4660.0,4753.2,4613.4,4753.2,WIN
ETH/USDT,2025-09-12 22:30:00,BUY,4697.0,4790.9400000000005,4650.03,4650.03,LOSS
ETH/USDT,2025-09-12 22:45:00,BUY,4695.16,4789.0632,4648.2083999999995,4648.2083999999995,LOSS
ETH/USDT,2025-09-12 23:00:00,BUY,4678.92,4772.4984,4632.1308,4632.1308,LOSS
ETH/USDT,2025-09-12 23:15:00,BUY,4706.76,4800.8952,4659.6924,4659.6924,LOSS
ETH/USDT,2025-09-12 23:30:00,BUY,4696.14,4790.062800000001,4649.1786,4649.1786,LOSS
ETH/USDT,2025-09-12 23:45:00,BUY,4712.16,4806.4032,4665.0383999999995,4665.0383999999995,LOSS
ETH/USDT,2025-09-13 04:00:00,BUY,4739.53,4834.3206,4692.1347,4692.1347,LOSS
ETH/USDT,2025-09-13 04:15:00,BUY,4735.81,4830.5262,4688.4519,4688.4519,LOSS
ETH/USDT,2025-09-13 04:30:00,BUY,4747.37,4842.3174,4699.896299999999,4699.896299999999,LOSS
ETH/USDT,2025-09-13 07:45:00,SELL,4711.7,4617.465999999999,4758.817,4617.465999999999,WIN
ETH/USDT,2025-09-13 08:00:00,SELL,4718.35,4623.983,4765.5335000000005,4623.983,WIN
ETH/USDT,2025-09-13 08:15:00,SELL,4717.61,4623.257799999999,4764.786099999999,4623.257799999999,WIN
ETH/USDT,2025-09-13 10:00:00,BUY,4735.23,4829.9346,4687.877699999999,4687.877699999999,LOSS
ETH/USDT,2025-09-13 11:00:00,SELL,4711.29,4617.0642,4758.4029,4617.0642,WIN
ETH/USDT,2025-09-13 11:15:00,SELL,4713.85,4619.573,4760.9885,4619.573,WIN
ETH/USDT,2025-09-13 11:30:00,SELL,4724.14,4629.657200000001,4771.3814,4629.657200000001,WIN
ETH/USDT,2025-09-13 11:45:00,SELL,4719.53,4625.1394,4766.7253,4625.1394,WIN
ETH/USDT,2025-09-13 12:00:00,SELL,4716.87,4622.5326,4764.0387,4622.5326,WIN
ETH/USDT,2025-09-13 12:15:00,SELL,4717.96,4623.6008,4765.1396,4623.6008,WIN
ETH/USDT,2025-09-13 12:30:00,SELL,4724.02,4629.5396,4771.260200000001,4629.5396,WIN
ETH/USDT,2025-09-13 12:45:00,SELL,4720.45,4626.041,4767.6545,4626.041,WIN
ETH/USDT,2025-09-13 13:00:00,SELL,4721.0,4626.58,4768.21,4626.58,WIN
ETH/USDT,2025-09-13 13:30:00,SELL,4712.0,4617.76,4759.12,4617.76,WIN
ETH/USDT,2025-09-13 13:45:00,SELL,4685.79,4592.0742,4732.6479,4592.0742,WIN
ETH/USDT,2025-09-13 14:00:00,SELL,4684.96,4591.2608,4731.8096000000005,4591.2608,WIN
ETH/USDT,2025-09-13 14:15:00,SELL,4701.75,4607.715,4748.7675,4607.715,WIN
ETH/USDT,2025-09-13 14:30:00,SELL,4696.41,4602.4818,4743.3741,4602.4818,WIN
ETH/USDT,2025-09-13 14:45:00,SELL,4689.12,4595.3376,4736.0112,4595.3376,WIN
ETH/USDT,2025-09-13 15:00:00,SELL,4695.13,4601.2274,4742.0813,4601.2274,WIN
ETH/USDT,2025-09-13 15:15:00,SELL,4680.83,4587.2134,4727.6383,4587.2134,WIN
ETH/USDT,2025-09-13 17:30:00,SELL,4633.58,4540.9084,4679.9158,4679.9158,LOSS
ETH/USDT,2025-09-13 17:45:00,SELL,4634.09,4541.4082,4680.4309,4680.4309,LOSS
ETH/USDT,2025-09-13 18:00:00,SELL,4643.01,4550.1498,4689.440100000001,4689.440100000001,LOSS
ETH/USDT,2025-09-13 21:15:00,BUY,4662.91,4756.1682,4616.2809,4616.2809,LOSS
ETH/USDT,2025-09-13 21:30:00,BUY,4660.24,4753.4448,4613.6376,4613.6376,LOSS
ETH/USDT,2025-09-13 21:45:00,BUY,4663.5,4756.77,4616.865,4616.865,LOSS
ETH/USDT,2025-09-13 22:00:00,BUY,4661.86,4755.0972,4615.2414,4615.2414,LOSS
ETH/USDT,2025-09-13 22:15:00,BUY,4657.65,4750.803,4611.0734999999995,4611.0734999999995,LOSS
ETH/USDT,2025-09-13 22:30:00,BUY,4655.09,4748.1918000000005,4608.5391,4608.5391,LOSS
ETH/USDT,2025-09-13 22:45:00,BUY,4658.53,4751.7006,4611.9447,4611.9447,LOSS
ETH/USDT,2025-09-13 23:00:00,BUY,4665.31,4758.6162,4618.6569,4618.6569,LOSS
ETH/USDT,2025-09-13 23:15:00,BUY,4660.0,4753.2,4613.4,4613.4,LOSS
ETH/USDT,2025-09-13 23:30:00,BUY,4659.31,4752.4962000000005,4612.7169,4612.7169,LOSS
ETH/USDT,2025-09-13 23:45:00,BUY,4666.53,4759.8606,4619.8647,4619.8647,LOSS
ETH/USDT,2025-09-14 00:00:00,BUY,4676.73,4770.2645999999995,4629.962699999999,4629.962699999999,LOSS
ETH/USDT,2025-09-14 00:15:00,BUY,4674.98,4768.4796,4628.2302,4628.2302,LOSS
ETH/USDT,2025-09-14 00:30:00,BUY,4668.0,4761.36,4621.32,4621.32,LOSS
ETH/USDT,2025-09-14 00:45:00,BUY,4670.27,4763.6754,4623.567300000001,4623.567300000001,LOSS
ETH/USDT,2025-09-14 01:00:00,BUY,4655.1,4748.202,4608.549,4608.549,LOSS
ETH/USDT,2025-09-14 01:15:00,BUY,4659.44,4752.6287999999995,4612.8456,4612.8456,LOSS
ETH/USDT,2025-09-14 01:30:00,BUY,4665.36,4758.6672,4618.7064,4618.7064,LOSS
ETH/USDT,2025-09-14 01:45:00,BUY,4673.13,4766.5926,4626.3987,4626.3987,LOSS
ETH/USDT,2025-09-14 02:00:00,BUY,4688.61,4782.3822,4641.7239,4641.7239,LOSS
ETH/USDT,2025-09-14 02:15:00,BUY,4681.16,4774.7832,4634.3484,4634.3484,LOSS
ETH/USDT,2025-09-14 02:30:00,BUY,4678.86,4772.437199999999,4632.0714,4632.0714,LOSS
ETH/USDT,2025-09-14 02:45:00,BUY,4683.16,4776.8232,4636.328399999999,4636.328399999999,LOSS
ETH/USDT,2025-09-14 03:00:00,BUY,4675.74,4769.2548,4628.982599999999,4628.982599999999,LOSS
ETH/USDT,2025-09-14 03:15:00,BUY,4673.54,4767.0108,4626.8045999999995,4626.8045999999995,LOSS
ETH/USDT,2025-09-14 03:30:00,BUY,4672.89,4766.3478000000005,4626.1611,4626.1611,LOSS
ETH/USDT,2025-09-14 04:15:00,SELL,4658.71,4565.5358,4705.2971,4565.5358,WIN
ETH/USDT,2025-09-14 04:30:00,SELL,4665.6,4572.2880000000005,4712.256,4572.2880000000005,WIN
ETH/USDT,2025-09-14 04:45:00,SELL,4658.97,4565.7906,4705.559700000001,4565.7906,WIN
ETH/USDT,2025-09-14 05:00:00,SELL,4668.54,4575.1692,4715.2254,4575.1692,WIN
ETH/USDT,2025-09-14 05:45:00,BUY,4676.08,4769.6016,4629.3192,4629.3192,LOSS
ETH/USDT,2025-09-14 06:00:00,BUY,4670.03,4763.4306,4623.329699999999,4623.329699999999,LOSS
ETH/USDT,2025-09-14 06:15:00,BUY,4671.26,4764.6852,4624.5474,4624.5474,LOSS
ETH/USDT,2025-09-14 06:45:00,SELL,4666.4,4573.071999999999,4713.063999999999,4573.071999999999,WIN
ETH/USDT,2025-09-14 07:00:00,SELL,4660.99,4567.7702,4707.5999,4567.7702,WIN
ETH/USDT,2025-09-14 07:15:00,SELL,4666.14,4572.8172,4712.8014,4572.8172,WIN
ETH/USDT,2025-09-14 07:30:00,SELL,4659.82,4566.6236,4706.4182,4566.6236,WIN
ETH/USDT,2025-09-14 07:45:00,SELL,4650.58,4557.5684,4697.0858,4557.5684,WIN
ETH/USDT,2025-09-14 08:00:00,SELL,4654.38,4561.2924,4700.9238000000005,4561.2924,WIN
ETH/USDT,2025-09-14 08:15:00,SELL,4657.04,4563.8992,4703.6104,4563.8992,WIN
ETH/USDT,2025-09-14 08:30:00,SELL,4663.25,4569.985,4709.8825,4569.985,WIN
ETH/USDT,2025-09-14 08:45:00,SELL,4656.01,4562.8898,4702.5701,4562.8898,WIN
ETH/USDT,2025-09-14 09:00:00,SELL,4660.58,4567.3684,4707.1858,4567.3684,WIN
ETH/USDT,2025-09-14 09:15:00,SELL,4667.84,4574.4832,4714.5184,4574.4832,WIN
ETH/USDT,2025-09-14 10:30:00,SELL,4659.06,4565.8788,4705.650600000001,4565.8788,WIN
ETH/USDT,2025-09-14 10:45:00,SELL,4659.83,4566.6334,4706.4283,4566.6334,WIN
ETH/USDT,2025-09-14 11:15:00,SELL,4640.4,4547.592,4686.804,4547.592,WIN
ETH/USDT,2025-09-14 11:30:00,SELL,4631.51,4538.8798,4677.8251,4538.8798,WIN
ETH/USDT,2025-09-14 11:45:00,SELL,4635.0,4542.3,4681.35,4542.3,WIN
ETH/USDT,2025-09-14 12:00:00,SELL,4635.03,4542.3294,4681.3803,4542.3294,WIN
ETH/USDT,2025-09-14 12:15:00,SELL,4642.45,4549.601,4688.8745,4549.601,WIN
ETH/USDT,2025-09-14 12:30:00,SELL,4627.73,4535.175399999999,4674.007299999999,4535.175399999999,WIN
ETH/USDT,2025-09-14 12:45:00,SELL,4632.34,4539.6932,4678.6634,4539.6932,WIN
ETH/USDT,2025-09-14 13:00:00,SELL,4623.92,4531.4416,4670.1592,4670.1592,LOSS
ETH/USDT,2025-09-14 13:15:00,SELL,4615.99,4523.6702,4662.149899999999,4662.149899999999,LOSS
ETH/USDT,2025-09-14 13:30:00,SELL,4622.43,4529.981400000001,4668.6543,4668.6543,LOSS
ETH/USDT,2025-09-14 13:45:00,SELL,4612.8,4520.544,4658.928,4658.928,LOSS
ETH/USDT,2025-09-14 14:00:00,SELL,4632.09,4539.4482,4678.4109,4539.4482,WIN
ETH/USDT,2025-09-14 14:15:00,SELL,4614.72,4522.4256000000005,4660.867200000001,4660.867200000001,LOSS
ETH/USDT,2025-09-14 14:30:00,SELL,4590.99,4499.1702,4636.899899999999,4636.899899999999,LOSS
ETH/USDT,2025-09-14 14:45:00,SELL,4601.89,4509.8522,4647.9089,4647.9089,LOSS
ETH/USDT,2025-09-14 15:00:00,SELL,4587.6,4495.848,4633.476000000001,4633.476000000001,LOSS
ETH/USDT,2025-09-14 15:15:00,SELL,4588.65,4496.8769999999995,4634.536499999999,4634.536499999999,LOSS
ETH/USDT,2025-09-14 15:30:00,SELL,4585.98,4494.260399999999,4631.8398,4631.8398,LOSS
ETH/USDT,2025-09-14 15:45:00,SELL,4582.22,4490.5756,4628.0422,4628.0422,LOSS
ETH/USDT,2025-09-14 16:00:00,SELL,4588.43,4496.6614,4634.3143,4634.3143,LOSS
ETH/USDT,2025-09-14 16:15:00,SELL,4607.04,4514.8992,4653.1104,4653.1104,LOSS
ETH/USDT,2025-09-14 19:30:00,BUY,4621.42,4713.8484,4575.2058,4575.2058,LOSS
ETH/USDT,2025-09-14 19:45:00,BUY,4615.47,4707.7794,4569.3153,4569.3153,LOSS
ETH/USDT,2025-09-14 20:00:00,BUY,4625.75,4718.265,4579.4925,4579.4925,LOSS
ETH/USDT,2025-09-14 20:15:00,BUY,4621.21,4713.6342,4574.9979,4574.9979,LOSS
ETH/USDT,2025-09-14 20:30:00,BUY,4624.04,4716.5208,4577.7996,4577.7996,LOSS
ETH/USDT,2025-09-14 20:45:00,BUY,4616.78,4709.1156,4570.6122,4570.6122,LOSS
ETH/USDT,2025-09-14 21:00:00,BUY,4617.58,4709.9316,4571.4042,4571.4042,LOSS
ETH/USDT,2025-09-14 21:15:00,BUY,4615.37,4707.6774,4569.2163,4569.2163,LOSS
ETH/USDT,2025-09-14 21:30:00,BUY,4634.73,4727.424599999999,4588.382699999999,4588.382699999999,LOSS
ETH/USDT,2025-09-14 21:45:00,BUY,4629.83,4722.4266,4583.5317,4583.5317,LOSS
ETH/USDT,2025-09-14 22:00:00,BUY,4619.68,4712.073600000001,4573.483200000001,4573.483200000001,LOSS
ETH/USDT,2025-09-14 22:15:00,BUY,4620.66,4713.0732,4574.453399999999,4574.453399999999,LOSS
ETH/USDT,2025-09-14 22:30:00,BUY,4631.72,4724.3544,4585.4028,4585.4028,LOSS
ETH/USDT,2025-09-14 22:45:00,BUY,4629.15,4721.732999999999,4582.858499999999,4582.858499999999,LOSS
ETH/USDT,2025-09-14 23:00:00,BUY,4613.22,4705.4844,4567.0878,4567.0878,LOSS
ETH/USDT,2025-09-14 23:30:00,SELL,4605.9,4513.781999999999,4651.959,4651.959,LOSS
ETH/USDT,2025-09-14 23:45:00,SELL,4604.49,4512.4002,4650.5349,4650.5349,LOSS
ETH/USDT,2025-09-15 00:00:00,SELL,4598.15,4506.187,4644.1314999999995,4644.1314999999995,LOSS
ETH/USDT,2025-09-15 00:15:00,SELL,4614.8,4522.504,4660.948,4660.948,LOSS
ETH/USDT,2025-09-15 00:30:00,SELL,4602.62,4510.567599999999,4648.6462,4648.6462,LOSS
ETH/USDT,2025-09-15 00:45:00,SELL,4601.68,4509.6464000000005,4647.696800000001,4647.696800000001,LOSS
ETH/USDT,2025-09-15 01:00:00,SELL,4585.48,4493.770399999999,4631.3348,4631.3348,LOSS
ETH/USDT,2025-09-15 01:15:00,SELL,4603.54,4511.4692,4649.5754,4649.5754,LOSS
ETH/USDT,2025-09-15 01:30:00,SELL,4617.4,4525.052,4663.574,4663.574,LOSS
ETH/USDT,2025-09-15 02:15:00,BUY,4617.36,4709.7072,4571.1864,4571.1864,LOSS
ETH/USDT,2025-09-15 02:30:00,BUY,4620.78,4713.1956,4574.5722,4574.5722,LOSS
ETH/USDT,2025-09-15 02:45:00,BUY,4620.19,4712.5938,4573.9881,4573.9881,LOSS
ETH/USDT,2025-09-15 03:00:00,BUY,4632.53,4725.1806,4586.204699999999,4586.204699999999,LOSS
ETH/USDT,2025-09-15 03:15:00,BUY,4630.43,4723.038600000001,4584.1257000000005,4584.1257000000005,LOSS
ETH/USDT,2025-09-15 03:30:00,BUY,4629.65,4722.2429999999995,4583.353499999999,4583.353499999999,LOSS
ETH/USDT,2025-09-15 03:45:00,BUY,4636.2,4728.924,4589.838,4589.838,LOSS
ETH/USDT,2025-09-15 04:00:00,BUY,4643.19,4736.0538,4596.7581,4596.7581,LOSS
ETH/USDT,2025-09-15 04:15:00,BUY,4647.38,4740.3276000000005,4600.9062,4600.9062,LOSS
ETH/USDT,2025-09-15 04:30:00,BUY,4644.99,4737.8898,4598.5401,4598.5401,LOSS
ETH/USDT,2025-09-15 04:45:00,BUY,4642.71,4735.5642,4596.2829,4596.2829,LOSS
ETH/USDT,2025-09-15 05:00:00,BUY,4649.76,4742.7552000000005,4603.2624000000005,4603.2624000000005,LOSS
ETH/USDT,2025-09-15 05:15:00,BUY,4660.14,4753.3428,4613.5386,4613.5386,LOSS
ETH/USDT,2025-09-15 05:30:00,BUY,4657.34,4750.486800000001,4610.7666,4610.7666,LOSS
ETH/USDT,2025-09-15 05:45:00,BUY,4662.84,4756.0968,4616.2116000000005,4616.2116000000005,LOSS
ETH/USDT,2025-09-15 06:00:00,BUY,4665.99,4759.3098,4619.3301,4619.3301,LOSS
ETH/USDT,2025-09-15 06:15:00,BUY,4651.88,4744.9176,4605.3612,4605.3612,LOSS
ETH/USDT,2025-09-15 06:30:00,BUY,4640.02,4732.8204000000005,4593.6198,4593.6198,LOSS
ETH/USDT,2025-09-15 07:30:00,SELL,4606.87,4514.732599999999,4652.9387,4514.732599999999,WIN
ETH/USDT,2025-09-15 07:45:00,SELL,4597.37,4505.4226,4643.3437,4505.4226,WIN
ETH/USDT,2025-09-15 10:30:00,SELL,4524.33,4433.8434,4569.5733,4433.8434,WIN
ETH/USDT,2025-09-15 10:45:00,SELL,4529.79,4439.1942,4575.0879,4439.1942,WIN
ETH/USDT,2025-09-15 11:00:00,SELL,4535.53,4444.819399999999,4580.8853,4444.819399999999,WIN
ETH/USDT,2025-09-15 11:15:00,SELL,4529.21,4438.6258,4574.5021,4438.6258,WIN
ETH/USDT,2025-09-15 15:30:00,SELL,4480.41,4390.8018,4525.2141,4525.2141,LOSS
ETH/USDT,2025-09-15 21:00:00,BUY,4511.52,4601.750400000001,4466.4048,4466.4048,LOSS
ETH/USDT,2025-09-15 21:15:00,BUY,4516.76,4607.095200000001,4471.5924,4471.5924,LOSS
ETH/USDT,2025-09-15 21:30:00,BUY,4523.19,4613.6538,4477.9581,4477.9581,LOSS
ETH/USDT,2025-09-15 21:45:00,BUY,4524.26,4614.7452,4479.0174,4479.0174,LOSS
ETH/USDT,2025-09-15 22:00:00,BUY,4521.47,4611.8994,4476.2553,4476.2553,LOSS
ETH/USDT,2025-09-15 22:15:00,BUY,4520.19,4610.5938,4474.9881,4474.9881,LOSS
ETH/USDT,2025-09-15 22:30:00,BUY,4514.14,4604.4228,4468.9986,4468.9986,LOSS
ETH/USDT,2025-09-15 22:45:00,BUY,4513.52,4603.790400000001,4468.384800000001,4468.384800000001,LOSS
ETH/USDT,2025-09-15 23:00:00,BUY,4519.52,4609.910400000001,4474.3248,4474.3248,LOSS
ETH/USDT,2025-09-15 23:15:00,BUY,4525.66,4616.1732,4480.4034,4480.4034,LOSS
ETH/USDT,2025-09-15 23:30:00,BUY,4520.63,4611.0426,4475.4237,4475.4237,LOSS
ETH/USDT,2025-09-15 23:45:00,BUY,4523.74,4614.2148,4478.5026,4478.5026,LOSS
ETH/USDT,2025-09-16 00:00:00,BUY,4517.12,4607.4624,4471.9488,4471.9488,LOSS
ETH/USDT,2025-09-16 00:15:00,BUY,4508.52,4598.6904,4463.4348,4463.4348,LOSS
ETH/USDT,2025-09-16 01:00:00,BUY,4525.5,4616.01,4480.245,4480.245,LOSS
ETH/USDT,2025-09-16 01:15:00,BUY,4532.11,4622.7522,4486.7889,4486.7889,LOSS
ETH/USDT,2025-09-16 01:30:00,BUY,4527.64,4618.192800000001,4482.363600000001,4482.363600000001,LOSS
ETH/USDT,2025-09-16 01:45:00,BUY,4517.63,4607.9826,4472.4537,4472.4537,LOSS
ETH/USDT,2025-09-16 02:00:00,BUY,4527.78,4618.335599999999,4482.5022,4482.5022,LOSS
ETH/USDT,2025-09-16 02:15:00,BUY,4526.43,4616.9586,4481.1657000000005,4481.1657000000005,LOSS
ETH/USDT,2025-09-16 02:30:00,BUY,4518.91,4609.2882,4473.7209,4473.7209,LOSS
ETH/USDT,2025-09-16 04:15:00,SELL,4514.04,4423.7591999999995,4559.1804,4423.7591999999995,WIN
ETH/USDT,2025-09-16 04:30:00,SELL,4514.2,4423.916,4559.342,4423.916,WIN
ETH/USDT,2025-09-16 04:45:00,SELL,4518.93,4428.5514,4564.1193,4428.5514,WIN
ETH/USDT,2025-09-16 05:30:00,BUY,4527.54,4618.0908,4482.2645999999995,4482.2645999999995,LOSS
ETH/USDT,2025-09-16 05:45:00,BUY,4529.32,4619.9064,4484.0268,4484.0268,LOSS
ETH/USDT,2025-09-16 06:00:00,BUY,4534.97,4625.669400000001,4489.6203000000005,4489.6203000000005,LOSS
ETH/USDT,2025-09-16 06:15:00,BUY,4515.95,4606.269,4470.7905,4470.7905,LOSS
ETH/USDT,2025-09-16 06:45:00,SELL,4508.81,4418.6338000000005,4553.8981,4553.8981,LOSS
ETH/USDT,2025-09-16 07:00:00,SELL,4506.01,4415.8898,4551.0701,4551.0701,LOSS
ETH/USDT,2025-09-16 07:15:00,SELL,4510.53,4420.319399999999,4555.6353,4555.6353,LOSS
ETH/USDT,2025-09-16 07:30:00,SELL,4509.82,4419.6236,4554.9182,4554.9182,LOSS
ETH/USDT,2025-09-16 07:45:00,SELL,4512.86,4422.6028,4557.9886,4422.6028,WIN
ETH/USDT,2025-09-16 08:00:00,SELL,4527.63,4437.0774,4572.906300000001,4437.0774,WIN
ETH/USDT,2025-09-16 08:15:00,SELL,4513.46,4423.1908,4558.5946,4423.1908,WIN
ETH/USDT,2025-09-16 08:30:00,SELL,4504.44,4414.351199999999,4549.484399999999,4549.484399999999,LOSS
ETH/USDT,2025-09-16 08:45:00,SELL,4511.6,4421.368,4556.716,4556.716,LOSS
ETH/USDT,2025-09-16 09:00:00,SELL,4510.04,4419.839199999999,4555.1404,4555.1404,LOSS
ETH/USDT,2025-09-16 09:15:00,SELL,4506.98,4416.840399999999,4552.0498,4552.0498,LOSS
ETH/USDT,2025-09-16 09:30:00,SELL,4506.3,4416.174,4551.363,4551.363,LOSS
ETH/USDT,2025-09-16 09:45:00,SELL,4511.29,4421.0642,4556.4029,4556.4029,LOSS
ETH/USDT,2025-09-16 10:00:00,SELL,4510.28,4420.0743999999995,4555.382799999999,4555.382799999999,LOSS
ETH/USDT,2025-09-16 10:15:00,SELL,4509.37,4419.1826,4554.4637,4554.4637,LOSS
ETH/USDT,2025-09-16 10:30:00,SELL,4501.63,4411.5974,4546.6463,4546.6463,LOSS
ETH/USDT,2025-09-16 10:45:00,SELL,4498.75,4408.775,4543.7375,4543.7375,LOSS
ETH/USDT,2025-09-16 11:00:00,SELL,4497.01,4407.0698,4541.980100000001,4541.980100000001,LOSS
ETH/USDT,2025-09-16 11:15:00,SELL,4500.98,4410.9604,4545.989799999999,4545.989799999999,LOSS
ETH/USDT,2025-09-16 11:30:00,SELL,4500.67,4410.6566,4545.6767,4545.6767,LOSS
ETH/USDT,2025-09-16 11:45:00,SELL,4501.26,4411.2348,4546.2726,4546.2726,LOSS
ETH/USDT,2025-09-16 12:00:00,SELL,4501.09,4411.0682,4546.1009,4546.1009,LOSS
ETH/USDT,2025-09-16 12:15:00,SELL,4497.35,4407.403,4542.3235,4542.3235,LOSS
ETH/USDT,2025-09-16 12:30:00,SELL,4502.02,4411.979600000001,4547.0402,4547.0402,LOSS
ETH/USDT,2025-09-16 12:45:00,SELL,4500.04,4410.0392,4545.0404,4545.0404,LOSS
ETH/USDT,2025-09-16 13:45:00,SELL,4473.58,4384.1084,4518.3158,4518.3158,LOSS
ETH/USDT,2025-09-16 14:30:00,SELL,4440.19,4351.3862,4484.591899999999,4484.591899999999,LOSS
ETH/USDT,2025-09-16 14:45:00,SELL,4446.71,4357.7758,4491.1771,4491.1771,LOSS
ETH/USDT,2025-09-16 15:00:00,SELL,4434.13,4345.4474,4478.4713,4478.4713,LOSS
ETH/USDT,2025-09-16 15:15:00,SELL,4446.39,4357.4622,4490.8539,4490.8539,LOSS
ETH/USDT,2025-09-16 15:30:00,SELL,4451.27,4362.2446,4495.782700000001,4495.782700000001,LOSS
ETH/USDT,2025-09-16 15:45:00,SELL,4468.2,4378.835999999999,4512.882,4512.882,LOSS
ETH/USDT,2025-09-16 17:15:00,BUY,4503.0,4593.06,4457.97,4457.97,LOSS
ETH/USDT,2025-09-16 17:30:00,BUY,4492.29,4582.1358,4447.3670999999995,4447.3670999999995,LOSS
ETH/USDT,2025-09-16 17:45:00,BUY,4486.62,4576.3524,4441.7537999999995,4441.7537999999995,LOSS
ETH/USDT,2025-09-16 18:00:00,BUY,4491.83,4581.6666,4446.9117,4446.9117,LOSS
ETH/USDT,2025-09-16 18:15:00,BUY,4484.1,4573.782,4439.259,4439.259,LOSS
ETH/USDT,2025-09-16 18:30:00,BUY,4470.48,4559.8895999999995,4425.775199999999,4425.775199999999,LOSS
ETH/USDT,2025-09-16 18:45:00,BUY,4474.63,4564.122600000001,4429.8837,4429.8837,LOSS
ETH/USDT,2025-09-16 19:00:00,BUY,4483.65,4573.322999999999,4438.813499999999,4438.813499999999,LOSS
ETH/USDT,2025-09-16 19:15:00,BUY,4479.09,4568.6718,4434.2991,4434.2991,LOSS
ETH/USDT,2025-09-16 19:30:00,BUY,4482.16,4571.8032,4437.3384,4437.3384,LOSS
ETH/USDT,2025-09-16 19:45:00,BUY,4491.21,4581.0342,4446.2979,4446.2979,LOSS
ETH/USDT,2025-09-16 20:00:00,BUY,4488.87,4578.6474,4443.9812999999995,4443.9812999999995,LOSS
ETH/USDT,2025-09-16 20:15:00,BUY,4489.65,4579.442999999999,4444.7535,4444.7535,LOSS
ETH/USDT,2025-09-16 20:30:00,BUY,4494.61,4584.5022,4449.6639,4449.6639,LOSS
ETH/USDT,2025-09-16 20:45:00,BUY,4498.23,4588.1946,4453.2477,4453.2477,LOSS
ETH/USDT,2025-09-16 21:00:00,BUY,4492.68,4582.533600000001,4447.7532,4447.7532,LOSS
ETH/USDT,2025-09-16 21:15:00,BUY,4496.8,4586.736,4451.832,4451.832,LOSS
ETH/USDT,2025-09-16 21:30:00,BUY,4500.31,4590.3162,4455.3069000000005,4455.3069000000005,LOSS
ETH/USDT,2025-09-16 21:45:00,BUY,4507.65,4597.803,4462.5734999999995,4462.5734999999995,LOSS
ETH/USDT,2025-09-16 22:00:00,BUY,4511.29,4601.5158,4466.1771,4466.1771,LOSS
ETH/USDT,2025-09-16 22:15:00,BUY,4507.88,4598.037600000001,4462.8012,4462.8012,LOSS
ETH/USDT,2025-09-16 22:30:00,BUY,4520.6,4611.012000000001,4475.394,4475.394,LOSS
ETH/USDT,2025-09-16 22:45:00,BUY,4520.5,4610.91,4475.295,4475.295,LOSS
ETH/USDT,2025-09-16 23:00:00,BUY,4519.72,4610.1144,4474.522800000001,4474.522800000001,LOSS
ETH/USDT,2025-09-16 23:15:00,BUY,4506.17,4596.2934000000005,4461.1083,4461.1083,LOSS
ETH/USDT,2025-09-16 23:30:00,BUY,4499.72,4589.714400000001,4454.7228000000005,4454.7228000000005,LOSS
ETH/USDT,2025-09-17 02:30:00,BUY,4537.79,4628.5458,4492.4121,4492.4121,LOSS
ETH/USDT,2025-09-17 02:45:00,BUY,4530.85,4621.467000000001,4485.5415,4485.5415,LOSS
ETH/USDT,2025-09-17 03:00:00,BUY,4526.39,4616.9178,4481.1261,4481.1261,LOSS
ETH/USDT,2025-09-17 03:15:00,BUY,4519.88,4610.2776,4474.6812,4474.6812,LOSS
ETH/USDT,2025-09-17 04:15:00,SELL,4487.87,4398.1125999999995,4532.7487,4532.7487,LOSS
ETH/USDT,2025-09-17 04:30:00,SELL,4483.71,4394.0358,4528.5471,4528.5471,LOSS
ETH/USDT,2025-09-17 04:45:00,SELL,4477.44,4387.891199999999,4522.2144,4522.2144,LOSS
ETH/USDT,2025-09-17 05:00:00,SELL,4487.34,4397.5932,4532.213400000001,4532.213400000001,LOSS
ETH/USDT,2025-09-17 05:15:00,SELL,4482.41,4392.7618,4527.2341,4527.2341,LOSS
ETH/USDT,2025-09-17 05:30:00,SELL,4490.57,4400.758599999999,4535.4757,4535.4757,LOSS
ETH/USDT,2025-09-17 05:45:00,SELL,4514.91,4424.6118,4560.0590999999995,4424.6118,WIN
ETH/USDT,2025-09-17 06:15:00,BUY,4518.73,4609.1046,4473.5427,4473.5427,LOSS
ETH/USDT,2025-09-17 06:30:00,BUY,4538.68,4629.453600000001,4493.2932,4493.2932,LOSS
ETH/USDT,2025-09-17 06:45:00,BUY,4545.99,4636.909799999999,4500.5301,4500.5301,LOSS
ETH/USDT,2025-09-17 07:00:00,BUY,4547.24,4638.1848,4501.7676,4501.7676,LOSS
ETH/USDT,2025-09-17 07:15:00,BUY,4542.32,4633.1664,4496.8967999999995,4496.8967999999995,LOSS
ETH/USDT,2025-09-17 07:30:00,BUY,4539.86,4630.6572,4494.461399999999,4494.461399999999,LOSS
ETH/USDT,2025-09-17 07:45:00,BUY,4544.07,4634.9514,4498.6293,4498.6293,LOSS
ETH/USDT,2025-09-17 08:00:00,BUY,4516.96,4607.2992,4471.7904,4471.7904,LOSS
ETH/USDT,2025-09-17 08:15:00,BUY,4511.22,4601.4444,4466.1078,4466.1078,LOSS
ETH/USDT,2025-09-17 09:15:00,SELL,4507.51,4417.3598,4552.5851,4417.3598,WIN
ETH/USDT,2025-09-17 09:30:00,SELL,4503.81,4413.7338,4548.8481,4413.7338,WIN
ETH/USDT,2025-09-17 09:45:00,SELL,4494.85,4404.953,4539.798500000001,4539.798500000001,LOSS
ETH/USDT,2025-09-17 10:00:00,SELL,4490.23,4400.425399999999,4535.132299999999,4535.132299999999,LOSS
ETH/USDT,2025-09-17 10:15:00,SELL,4485.02,4395.319600000001,4529.8702,4529.8702,LOSS
ETH/USDT,2025-09-17 10:30:00,SELL,4487.96,4398.2008,4532.8396,4532.8396,LOSS
ETH/USDT,2025-09-17 10:45:00,SELL,4484.02,4394.3396,4528.8602,4528.8602,LOSS
ETH/USDT,2025-09-17 11:00:00,SELL,4489.68,4399.8864,4534.576800000001,4534.576800000001,LOSS
ETH/USDT,2025-09-17 11:15:00,SELL,4493.94,4404.061199999999,4538.8794,4538.8794,LOSS
ETH/USDT,2025-09-17 11:30:00,SELL,4490.9,4401.081999999999,4535.808999999999,4535.808999999999,LOSS
ETH/USDT,2025-09-17 11:45:00,SELL,4491.64,4401.8072,4536.5564,4536.5564,LOSS
ETH/USDT,2025-09-17 12:00:00,SELL,4490.54,4400.7292,4535.4454,4535.4454,LOSS
ETH/USDT,2025-09-17 14:15:00,SELL,4474.32,4384.8336,4519.0632,4519.0632,LOSS
ETH/USDT,2025-09-17 14:30:00,SELL,4485.8,4396.084,4530.658,4530.658,LOSS
ETH/USDT,2025-09-17 14:45:00,SELL,4489.93,4400.1314,4534.8293,4534.8293,LOSS
ETH/USDT,2025-09-17 15:15:00,SELL,4482.0,4392.36,4526.82,4526.82,LOSS
ETH/USDT,2025-09-17 15:30:00,SELL,4493.63,4403.7574,4538.5663,4538.5663,LOSS
ETH/USDT,2025-09-17 16:00:00,SELL,4480.18,4390.5764,4524.9818000000005,4524.9818000000005,LOSS
ETH/USDT,2025-09-17 16:15:00,SELL,4482.96,4393.3008,4527.7896,4527.7896,LOSS
ETH/USDT,2025-09-17 16:30:00,SELL,4485.51,4395.7998,4530.3651,4530.3651,LOSS
ETH/USDT,2025-09-17 16:45:00,SELL,4487.13,4397.3874,4532.0013,4532.0013,LOSS
ETH/USDT,2025-09-17 17:00:00,SELL,4482.01,4392.3698,4526.8301,4526.8301,LOSS
ETH/USDT,2025-09-17 17:15:00,SELL,4482.82,4393.1636,4527.6482,4527.6482,LOSS
ETH/USDT,2025-09-17 17:45:00,SELL,4433.77,4345.0946,4478.1077000000005,4478.1077000000005,LOSS
ETH/USDT,2025-09-17 18:00:00,SELL,4457.54,4368.3892,4502.1154,4502.1154,LOSS
ETH/USDT,2025-09-17 18:15:00,SELL,4497.75,4407.795,4542.7275,4542.7275,LOSS
ETH/USDT,2025-09-17 18:30:00,SELL,4442.99,4354.1302,4487.4199,4487.4199,LOSS
ETH/USDT,2025-09-17 18:45:00,SELL,4456.17,4367.0466,4500.7317,4500.7317,LOSS
ETH/USDT,2025-09-17 19:00:00,SELL,4472.38,4382.9324,4517.1038,4517.1038,LOSS
ETH/USDT,2025-09-17 19:30:00,BUY,4508.62,4598.7924,4463.5338,4598.7924,WIN
ETH/USDT,2025-09-17 19:45:00,BUY,4517.62,4607.9724,4472.4438,4607.9724,WIN
ETH/USDT,2025-09-17 20:00:00,BUY,4532.17,4622.8134,4486.8483,4486.8483,LOSS
ETH/USDT,2025-09-17 20:15:00,BUY,4514.83,4605.1266,4469.6817,4605.1266,WIN
ETH/USDT,2025-09-17 20:30:00,BUY,4509.53,4599.7206,4464.4347,4599.7206,WIN
ETH/USDT,2025-09-17 20:45:00,BUY,4501.52,4591.5504,4456.504800000001,4591.5504,WIN
ETH/USDT,2025-09-17 21:00:00,BUY,4517.86,4608.2172,4472.6813999999995,4608.2172,WIN
ETH/USDT,2025-09-17 21:15:00,BUY,4516.65,4606.982999999999,4471.483499999999,4606.982999999999,WIN
ETH/USDT,2025-09-17 21:30:00,BUY,4530.0,4620.6,4484.7,4620.6,WIN
ETH/USDT,2025-09-17 21:45:00,BUY,4529.18,4619.7636,4483.8882,4619.7636,WIN
ETH/USDT,2025-09-17 22:00:00,BUY,4548.54,4639.5108,4503.0545999999995,4639.5108,WIN
ETH/USDT,2025-09-17 22:15:00,BUY,4563.51,4654.7802,4517.8749,4517.8749,LOSS
ETH/USDT,2025-09-17 22:30:00,BUY,4575.18,4666.6836,4529.4282,4529.4282,LOSS
ETH/USDT,2025-09-17 22:45:00,BUY,4587.12,4678.8624,4541.2488,4541.2488,LOSS
ETH/USDT,2025-09-17 23:15:00,BUY,4588.28,4680.0455999999995,4542.397199999999,4542.397199999999,LOSS
ETH/USDT,2025-09-17 23:30:00,BUY,4587.11,4678.852199999999,4541.238899999999,4541.238899999999,LOSS
ETH/USDT,2025-09-17 23:45:00,BUY,4590.53,4682.3405999999995,4544.624699999999,4544.624699999999,LOSS
ETH/USDT,2025-09-18 00:00:00,BUY,4607.15,4699.293,4561.0785,4561.0785,LOSS
ETH/USDT,2025-09-18 00:15:00,BUY,4595.01,4686.9102,4549.0599,4549.0599,LOSS
ETH/USDT,2025-09-18 00:30:00,BUY,4600.41,4692.4182,4554.4059,4554.4059,LOSS
ETH/USDT,2025-09-18 00:45:00,BUY,4584.79,4676.4858,4538.9421,4538.9421,LOSS
ETH/USDT,2025-09-18 01:00:00,BUY,4604.34,4696.4268,4558.2966,4558.2966,LOSS
ETH/USDT,2025-09-18 01:15:00,BUY,4609.5,4701.6900000000005,4563.405,4563.405,LOSS
ETH/USDT,2025-09-18 01:30:00,BUY,4632.0,4724.64,4585.68,4585.68,LOSS
ETH/USDT,2025-09-18 01:45:00,BUY,4618.95,4711.329,4572.760499999999,4572.760499999999,LOSS
ETH/USDT,2025-09-18 02:00:00,BUY,4615.42,4707.7284,4569.2658,4569.2658,LOSS
ETH/USDT,2025-09-18 06:00:00,SELL,4562.91,4471.6518,4608.5391,4608.5391,LOSS
ETH/USDT,2025-09-18 06:15:00,SELL,4558.49,4467.3202,4604.0749,4604.0749,LOSS
ETH/USDT,2025-09-18 06:30:00,SELL,4568.35,4476.983,4614.0335000000005,4614.0335000000005,LOSS
ETH/USDT,2025-09-18 06:45:00,SELL,4571.37,4479.942599999999,4617.0837,4617.0837,LOSS
ETH/USDT,2025-09-18 07:00:00,SELL,4578.58,4487.0084,4624.3658,4624.3658,LOSS
ETH/USDT,2025-09-18 07:15:00,SELL,4578.39,4486.8222000000005,4624.173900000001,4624.173900000001,LOSS
ETH/USDT,2025-09-18 07:30:00,SELL,4581.09,4489.4682,4626.900900000001,4626.900900000001,LOSS
ETH/USDT,2025-09-18 07:45:00,SELL,4574.75,4483.255,4620.4975,4620.4975,LOSS
ETH/USDT,2025-09-18 08:00:00,SELL,4583.43,4491.7614,4629.264300000001,4629.264300000001,LOSS
ETH/USDT,2025-09-18 08:15:00,SELL,4592.84,4500.9832,4638.7684,4500.9832,WIN
ETH/USDT,2025-09-18 08:30:00,SELL,4594.29,4502.4042,4640.2329,4502.4042,WIN
ETH/USDT,2025-09-18 08:45:00,BUY,4602.44,4694.4888,4556.415599999999,4556.415599999999,LOSS
ETH/USDT,2025-09-18 09:00:00,BUY,4595.77,4687.6854,4549.8123000000005,4549.8123000000005,LOSS
ETH/USDT,2025-09-18 09:15:00,BUY,4601.85,4693.887000000001,4555.8315,4555.8315,LOSS
ETH/USDT,2025-09-18 09:30:00,BUY,4592.44,4684.288799999999,4546.5156,4546.5156,LOSS
ETH/USDT,2025-09-18 09:45:00,BUY,4597.0,4688.9400000000005,4551.03,4551.03,LOSS
ETH/USDT,2025-09-18 10:00:00,BUY,4587.24,4678.9848,4541.3676,4541.3676,LOSS
ETH/USDT,2025-09-18 10:15:00,SELL,4572.22,4480.7756,4617.9422,4617.9422,LOSS
ETH/USDT,2025-09-18 10:30:00,SELL,4578.35,4486.783,4624.133500000001,4624.133500000001,LOSS
ETH/USDT,2025-09-18 10:45:00,SELL,4574.28,4482.7944,4620.0228,4620.0228,LOSS
ETH/USDT,2025-09-18 11:00:00,SELL,4581.97,4490.3306,4627.7897,4627.7897,LOSS
ETH/USDT,2025-09-18 11:15:00,SELL,4582.99,4491.330199999999,4628.8198999999995,4628.8198999999995,LOSS
ETH/USDT,2025-09-18 11:30:00,SELL,4575.52,4484.0096,4621.2752,4621.2752,LOSS
ETH/USDT,2025-09-18 11:45:00,SELL,4576.12,4484.5976,4621.8812,4621.8812,LOSS
ETH/USDT,2025-09-18 12:00:00,SELL,4580.83,4489.2134,4626.6383,4626.6383,LOSS
ETH/USDT,2025-09-18 12:15:00,SELL,4585.98,4494.260399999999,4631.8398,4631.8398,LOSS
ETH/USDT,2025-09-18 12:30:00,SELL,4579.06,4487.4788,4624.850600000001,4624.850600000001,LOSS
ETH/USDT,2025-09-18 12:45:00,SELL,4571.04,4479.6192,4616.7504,4616.7504,LOSS
ETH/USDT,2025-09-18 13:00:00,SELL,4581.99,4490.3502,4627.8099,4627.8099,LOSS
ETH/USDT,2025-09-18 13:30:00,SELL,4574.24,4482.7552,4619.9824,4619.9824,LOSS
ETH/USDT,2025-09-18 14:00:00,BUY,4607.43,4699.578600000001,4561.3557,4561.3557,LOSS
ETH/USDT,2025-09-18 14:15:00,BUY,4608.34,4700.5068,4562.2566,4562.2566,LOSS
ETH/USDT,2025-09-18 14:30:00,BUY,4600.09,4692.0918,4554.0891,4554.0891,LOSS
ETH/USDT,2025-09-18 14:45:00,BUY,4596.45,4688.379,4550.4855,4550.4855,LOSS
ETH/USDT,2025-09-18 15:00:00,BUY,4591.24,4683.0648,4545.3276,4545.3276,LOSS
ETH/USDT,2025-09-18 15:15:00,BUY,4590.74,4682.5548,4544.8326,4544.8326,LOSS
ETH/USDT,2025-09-18 15:30:00,BUY,4597.87,4689.8274,4551.8913,4551.8913,LOSS
ETH/USDT,2025-09-18 15:45:00,BUY,4599.34,4691.3268,4553.3466,4553.3466,LOSS
ETH/USDT,2025-09-18 16:00:00,BUY,4598.99,4690.9698,4553.000099999999,4553.000099999999,LOSS
ETH/USDT,2025-09-18 16:15:00,BUY,4616.23,4708.5545999999995,4570.0677,4570.0677,LOSS
ETH/USDT,2025-09-18 16:30:00,BUY,4630.09,4722.6918000000005,4583.7891,4583.7891,LOSS
ETH/USDT,2025-09-18 16:45:00,BUY,4621.3,4713.726000000001,4575.087,4575.087,LOSS
ETH/USDT,2025-09-18 17:00:00,BUY,4615.99,4708.3098,4569.8301,4569.8301,LOSS
ETH/USDT,2025-09-18 17:15:00,BUY,4607.56,4699.711200000001,4561.4844,4561.4844,LOSS
ETH/USDT,2025-09-18 17:30:00,BUY,4604.43,4696.5186,4558.3857,4558.3857,LOSS
ETH/USDT,2025-09-18 17:45:00,BUY,4609.37,4701.5574,4563.2762999999995,4563.2762999999995,LOSS
ETH/USDT,2025-09-18 18:00:00,BUY,4611.5,4703.7300000000005,4565.385,4565.385,LOSS
ETH/USDT,2025-09-18 18:15:00,BUY,4611.69,4703.9238,4565.5731,4565.5731,LOSS
ETH/USDT,2025-09-18 19:45:00,SELL,4588.23,4496.465399999999,4634.1123,4496.465399999999,WIN
ETH/USDT,2025-09-18 20:00:00,SELL,4595.95,4504.031,4641.9095,4504.031,WIN
ETH/USDT,2025-09-18 20:15:00,SELL,4592.28,4500.4344,4638.2028,4500.4344,WIN
ETH/USDT,2025-09-18 20:30:00,SELL,4602.92,4510.8616,4648.9492,4510.8616,WIN
ETH/USDT,2025-09-18 20:45:00,SELL,4604.85,4512.753000000001,4650.8985,4512.753000000001,WIN
ETH/USDT,2025-09-18 21:00:00,SELL,4594.46,4502.5707999999995,4640.4046,4502.5707999999995,WIN
ETH/USDT,2025-09-18 21:15:00,SELL,4595.01,4503.1098,4640.9601,4503.1098,WIN
ETH/USDT,2025-09-18 21:30:00,SELL,4595.73,4503.8153999999995,4641.6873,4503.8153999999995,WIN
ETH/USDT,2025-09-18 21:45:00,SELL,4594.73,4502.8354,4640.677299999999,4502.8354,WIN
ETH/USDT,2025-09-18 22:00:00,SELL,4587.82,4496.0635999999995,4633.6982,4496.0635999999995,WIN
ETH/USDT,2025-09-18 22:15:00,SELL,4595.8,4503.884,4641.758,4503.884,WIN
ETH/USDT,2025-09-18 22:30:00,SELL,4599.6,4507.608,4645.5960000000005,4507.608,WIN
ETH/USDT,2025-09-18 22:45:00,SELL,4590.98,4499.1604,4636.8898,4499.1604,WIN
ETH/USDT,2025-09-18 23:00:00,SELL,4582.56,4490.9088,4628.3856000000005,4490.9088,WIN
ETH/USDT,2025-09-18 23:15:00,SELL,4577.71,4486.1557999999995,4623.4871,4486.1557999999995,WIN
ETH/USDT,2025-09-18 23:30:00,SELL,4586.46,4494.7308,4632.3246,4494.7308,WIN
ETH/USDT,2025-09-18 23:45:00,SELL,4587.66,4495.9068,4633.536599999999,4495.9068,WIN
ETH/USDT,2025-09-19 00:00:00,SELL,4589.49,4497.700199999999,4635.3849,4497.700199999999,WIN
ETH/USDT,2025-09-19 00:45:00,BUY,4609.79,4701.9858,4563.6921,4563.6921,LOSS
ETH/USDT,2025-09-19 01:00:00,BUY,4603.08,4695.1416,4557.0491999999995,4557.0491999999995,LOSS
ETH/USDT,2025-09-19 01:15:00,BUY,4616.92,4709.2584,4570.7508,4570.7508,LOSS
ETH/USDT,2025-09-19 01:30:00,BUY,4605.82,4697.9364,4559.761799999999,4559.761799999999,LOSS
ETH/USDT,2025-09-19 01:45:00,BUY,4606.93,4699.0686000000005,4560.8607,4560.8607,LOSS
ETH/USDT,2025-09-19 02:00:00,BUY,4597.88,4689.8376,4551.9012,4551.9012,LOSS
ETH/USDT,2025-09-19 02:15:00,BUY,4592.34,4684.1868,4546.4166000000005,4546.4166000000005,LOSS
ETH/USDT,2025-09-19 02:45:00,SELL,4589.1,4497.318,4634.991,4497.318,WIN
ETH/USDT,2025-09-19 03:00:00,SELL,4596.61,4504.6777999999995,4642.576099999999,4504.6777999999995,WIN
ETH/USDT,2025-09-19 03:15:00,SELL,4577.28,4485.734399999999,4623.0527999999995,4485.734399999999,WIN
ETH/USDT,2025-09-19 03:30:00,SELL,4553.44,4462.3712,4598.9744,4462.3712,WIN
ETH/USDT,2025-09-19 03:45:00,SELL,4549.98,4458.9803999999995,4595.479799999999,4458.9803999999995,WIN
ETH/USDT,2025-09-19 04:15:00,SELL,4549.21,4458.2258,4594.7021,4458.2258,WIN
ETH/USDT,2025-09-19 04:30:00,SELL,4549.73,4458.7354,4595.2273,4458.7354,WIN
ETH/USDT,2025-09-19 04:45:00,SELL,4557.93,4466.7714000000005,4603.509300000001,4466.7714000000005,WIN
ETH/USDT,2025-09-19 05:00:00,SELL,4554.11,4463.0278,4599.6511,4463.0278,WIN
ETH/USDT,2025-09-19 05:15:00,SELL,4531.37,4440.7426,4576.6837,4440.7426,WIN
ETH/USDT,2025-09-19 05:30:00,SELL,4535.81,4445.093800000001,4581.168100000001,4445.093800000001,WIN
ETH/USDT,2025-09-19 05:45:00,SELL,4540.78,4449.9644,4586.1878,4449.9644,WIN
ETH/USDT,2025-09-19 06:00:00,SELL,4533.55,4442.879,4578.8855,4442.879,WIN
ETH/USDT,2025-09-19 06:15:00,SELL,4534.5,4443.8099999999995,4579.845,4443.8099999999995,WIN
ETH/USDT,2025-09-19 06:30:00,SELL,4533.28,4442.6143999999995,4578.6128,4442.6143999999995,WIN
ETH/USDT,2025-09-19 06:45:00,SELL,4523.8,4433.3240000000005,4569.0380000000005,4523.8,NONE
ETH/USDT,2025-09-19 07:00:00,SELL,4528.04,4437.4792,4573.3204,4437.4792,WIN
ETH/USDT,2025-09-19 07:15:00,SELL,4535.41,4444.7018,4580.7641,4444.7018,WIN
ETH/USDT,2025-09-19 11:30:00,SELL,4509.21,4419.0258,4554.3021,4509.21,NONE
ETH/USDT,2025-09-19 11:45:00,SELL,4513.8,4423.524,4558.938,4513.8,NONE
ETH/USDT,2025-09-19 12:00:00,SELL,4518.29,4427.9241999999995,4563.4729,4518.29,NONE
ETH/USDT,2025-09-19 12:15:00,SELL,4513.98,4423.7004,4559.1197999999995,4513.98,NONE
ETH/USDT,2025-09-19 14:15:00,BUY,4533.84,4624.5168,4488.5016000000005,4488.5016000000005,LOSS
ETH/USDT,2025-09-19 15:30:00,SELL,4476.01,4386.4898,4520.770100000001,4476.01,NONE
ETH/USDT,2025-09-19 15:45:00,SELL,4474.93,4385.4314,4519.679300000001,4474.93,NONE
ETH/USDT,2025-09-19 16:00:00,SELL,4482.89,4393.2322,4527.718900000001,4482.89,NONE
ETH/USDT,2025-09-19 16:15:00,SELL,4483.47,4393.8006000000005,4528.304700000001,4483.47,NONE
ETH/USDT,2025-09-19 16:30:00,SELL,4483.61,4393.9378,4528.4461,4483.61,NONE
ETH/USDT,2025-09-19 16:45:00,SELL,4481.85,4392.213000000001,4526.668500000001,4481.85,NONE
ETH/USDT,2025-09-19 17:00:00,SELL,4465.52,4376.2096,4510.175200000001,4465.52,NONE
ETH/USDT,2025-09-19 17:15:00,SELL,4472.62,4383.1676,4517.3462,4472.62,NONE
ETH/USDT,2025-09-19 17:30:00,SELL,4465.46,4376.1508,4510.1146,4465.46,NONE
ETH/USDT,2025-09-19 17:45:00,SELL,4459.52,4370.3296,4504.1152,4459.52,NONE
ETH/USDT,2025-09-19 18:30:00,SELL,4457.55,4368.399,4502.1255,4457.55,NONE
ETH/USDT,2025-09-19 18:45:00,SELL,4448.83,4359.8534,4493.3183,4448.83,NONE
ETH/USDT,2025-09-19 19:00:00,SELL,4459.25,4370.065,4503.8425,4459.25,NONE
ETH/USDT,2025-09-19 19:45:00,SELL,4440.68,4351.8664,4485.0868,4440.68,NONE
ETH/USDT,2025-09-20 00:45:00,BUY,4475.67,4565.1834,4430.9133,4475.67,NONE
ETH/USDT,2025-09-20 01:00:00,BUY,4466.8,4556.136,4422.1320000000005,4466.8,NONE
ETH/USDT,2025-09-20 01:15:00,BUY,4470.53,4559.9406,4425.8247,4470.53,NONE
ETH/USDT,2025-09-20 01:30:00,BUY,4470.38,4559.787600000001,4425.6762,4470.38,NONE
ETH/USDT,2025-09-20 01:45:00,BUY,4466.01,4555.3302,4421.3499,4466.01,NONE
ETH/USDT,2025-09-20 03:15:00,SELL,4461.37,4372.1426,4505.9837,4461.37,NONE
ETH/USDT,2025-09-20 04:30:00,BUY,4473.0,4562.46,4428.2699999999995,4473.0,NONE
ETH/USDT,2025-09-20 04:45:00,BUY,4474.08,4563.5616,4429.339199999999,4474.08,NONE
ETH/USDT,2025-09-20 05:00:00,BUY,4474.53,4564.0206,4429.7847,4474.53,NONE
ETH/USDT,2025-09-20 05:15:00,BUY,4476.16,4565.6831999999995,4431.3984,4476.16,NONE
ETH/USDT,2025-09-20 05:30:00,BUY,4474.82,4564.3164,4430.0718,4474.82,NONE
ETH/USDT,2025-09-20 05:45:00,BUY,4478.67,4568.2434,4433.8833,4478.67,NONE
ETH/USDT,2025-09-20 06:00:00,BUY,4471.3,4560.726000000001,4426.587,4471.3,NONE
ETH/USDT,2025-09-20 06:15:00,BUY,4475.3,4564.8060000000005,4430.5470000000005,4475.3,NONE
ETH/USDT,2025-09-20 06:30:00,BUY,4473.99,4563.4698,4429.250099999999,4473.99,NONE
ETH/USDT,2025-09-20 06:45:00,BUY,4473.07,4562.5314,4428.3393,4473.07,NONE
ETH/USDT,2025-09-20 07:00:00,BUY,4474.04,4563.5208,4429.2996,4474.04,NONE
ETH/USDT,2025-09-20 07:15:00,BUY,4471.05,4560.4710000000005,4426.3395,4471.05,NONE
ETH/USDT,2025-09-20 07:30:00,BUY,4476.1,4565.622,4431.339,4476.1,NONE
ETH/USDT,2025-09-20 07:45:00,BUY,4483.22,4572.8844,4438.3878,4483.22,NONE
ETH/USDT,2025-09-20 08:00:00,BUY,4477.08,4566.6216,4432.3092,4477.08,NONE
ETH/USDT,2025-09-20 08:15:00,BUY,4475.1,4564.602000000001,4430.349,4475.1,NONE
ETH/USDT,2025-09-20 08:30:00,BUY,4477.43,4566.9786,4432.6557,4477.43,NONE
ETH/USDT,2025-09-20 09:15:00,SELL,4465.5,4376.19,4510.155,4465.5,NONE
ETH/USDT,2025-09-20 09:30:00,SELL,4464.02,4374.739600000001,4508.6602,4464.02,NONE
ETH/USDT,2025-09-20 09:45:00,SELL,4465.91,4376.5918,4510.5691,4465.91,NONE
ETH/USDT,2025-09-20 10:00:00,SELL,4472.84,4383.3832,4517.5684,4472.84,NONE
ETH/USDT,2025-09-20 10:15:00,SELL,4470.62,4381.2076,4515.3261999999995,4470.62,NONE
ETH/USDT,2025-09-20 10:30:00,SELL,4468.0,4378.64,4512.68,4468.0,NONE
ETH/USDT,2025-09-20 10:45:00,SELL,4463.91,4374.6318,4508.5491,4463.91,NONE
ETH/USDT,2025-09-20 11:00:00,SELL,4470.01,4380.6098,4514.7101,4470.01,NONE
ETH/USDT,2025-09-20 11:15:00,SELL,4465.13,4375.8274,4509.781300000001,4465.13,NONE
ETH/USDT,2025-09-20 11:30:00,SELL,4466.35,4377.023,4511.0135,4466.35,NONE
ETH/USDT,2025-09-20 11:45:00,SELL,4469.96,4380.5608,4514.6596,4469.96,NONE
ETH/USDT,2025-09-20 12:00:00,SELL,4470.73,4381.3153999999995,4515.4373,4470.73,NONE
